Radius1,Radius2,Radius3,Volume
0.0,0.0,0.01,0.0077962224732924801
0.0,0.0,0.02,0.014214274035634781
0.0,0.0,0.029999999999999999,0.032933664398776874
0.0,0.0,0.040000000000000001,0.056560206494159361
0.0,0.0,0.050000000000000003,0.087233563477634932
0.0,0.0,0.059999999999999998,0.1228981061834175
0.0,0.0,0.070000000000000007,0.16154442757053475
0.0,0.0,0.080000000000000002,0.2039632824112366
0.0,0.0,0.089999999999999997,0.24965177210931352
0.0,0.0,0.10000000000000001,0.29648677358809833
0.0,0.01,0.0,0.0060544110689226965
0.0,0.01,0.01,0.013700552599969487
0.0,0.01,0.02,0.82625052440066227
0.0,0.01,0.029999999999999999,0.038619332423408093
0.0,0.01,0.040000000000000001,0.79013404141654664
0.0,0.01,0.050000000000000003,0.76253174460844031
0.0,0.01,0.059999999999999998,0.12817917060560255
0.0,0.01,0.070000000000000007,0.6970271892204094
0.0,0.01,0.080000000000000002,0.20889194810565689
0.0,0.01,0.089999999999999997,0.6134336883615783
0.0,0.01,0.10000000000000001,0.30115588907157226
0.0,0.02,0.0,0.011132629911602307
0.0,0.02,0.01,0.018745464937765337
0.0,0.02,0.02,0.024959455639877521
0.0,0.02,0.029999999999999999,0.043420514957672816
0.0,0.02,0.040000000000000001,0.066793280243052533
0.0,0.02,0.050000000000000003,0.097154886237120819
0.0,0.02,0.059999999999999998,0.13255794392420064
0.0,0.02,0.070000000000000007,0.17088602283449339
0.0,0.02,0.080000000000000002,0.21299363193698631
0.0,0.02,0.089999999999999997,0.61157853254751737
0.0,0.02,0.10000000000000001,0.30497013415039403
0.0,0.029999999999999999,0.0,0.02607623490628112
0.0,0.029999999999999999,0.01,0.03350371418409346
0.0,0.029999999999999999,0.02,0.039645407757068839
0.0,0.029999999999999999,0.029999999999999999,0.057580389052498661
0.0,0.029999999999999999,0.040000000000000001,0.080640210944770141
0.0,0.029999999999999999,0.050000000000000003,0.11053040366094814
0.0,0.029999999999999999,0.059999999999999998,0.14541040530711644
0.0,0.029999999999999999,0.070000000000000007,0.18347995544018503
0.0,0.029999999999999999,0.080000000000000002,0.22510869588857843
0.0,0.029999999999999999,0.089999999999999997,0.27017895802515873
0.0,0.029999999999999999,0.10000000000000001,0.31636591757845828
0.0,0.040000000000000001,0.0,0.044695803443920677
0.0,0.040000000000000001,0.01,0.052021089935786656
0.0,0.040000000000000001,0.02,0.058011943327714498
0.0,0.040000000000000001,0.029999999999999999,0.075633793568537264
0.0,0.040000000000000001,0.040000000000000001,0.097874630229668858
0.0,0.040000000000000001,0.050000000000000003,0.12732046472445185
0.0,0.040000000000000001,0.059999999999999998,0.16173097941695491
0.0,0.040000000000000001,0.070000000000000007,0.19898266831393774
0.0,0.040000000000000001,0.080000000000000002,0.24026725013872227
0.0,0.040000000000000001,0.089999999999999997,0.28475351722307329
0.0,0.040000000000000001,0.10000000000000001,0.33027936221344145
0.0,0.050000000000000003,0.0,0.069284246943174463
0.0,0.050000000000000003,0.01,0.076449957251236877
0.0,0.050000000000000003,0.02,0.082275462002256106
0.0,0.050000000000000003,0.029999999999999999,0.099437373754577355
0.0,0.050000000000000003,0.040000000000000001,0.12123440741204401
0.0,0.050000000000000003,0.050000000000000003,0.14967921234865389
0.0,0.050000000000000003,0.059999999999999998,0.18332180368583681
0.0,0.050000000000000003,0.070000000000000007,0.21984579952414496
0.0,0.050000000000000003,0.080000000000000002,0.260257819400457
0.0,0.050000000000000003,0.089999999999999997,0.3040749340244171
0.0,0.050000000000000003,0.10000000000000001,0.34881169418515406
0.0,0.059999999999999998,0.0,0.098381143927929224
0.0,0.059999999999999998,0.01,0.10539953744959422
0.0,0.059999999999999998,0.02,0.11111999587886157
0.0,0.059999999999999998,0.029999999999999999,0.12774439953532549
0.0,0.059999999999999998,0.040000000000000001,0.14906542282083879
0.0,0.059999999999999998,0.050000000000000003,0.17677287856085896
0.0,0.059999999999999998,0.059999999999999998,0.20915036993751823
0.0,0.059999999999999998,0.070000000000000007,0.24500070029271734
0.0,0.059999999999999998,0.080000000000000002,0.2842038924919848
0.0,0.059999999999999998,0.089999999999999997,0.32686002331917524
0.0,0.059999999999999998,0.10000000000000001,0.37090321616233335
0.0,0.070000000000000007,0.0,0.13003890671130514
0.0,0.070000000000000007,0.01,0.13690459441591971
0.0,0.070000000000000007,0.02,0.14245671198206636
0.0,0.070000000000000007,0.029999999999999999,0.15883429393644902
0.0,0.070000000000000007,0.040000000000000001,0.17933962909594869
0.0,0.070000000000000007,0.050000000000000003,0.20632287000802274
0.0,0.070000000000000007,0.059999999999999998,0.23802853152247319
0.0,0.070000000000000007,0.070000000000000007,0.27225490642631189
0.0,0.070000000000000007,0.080000000000000002,0.31061376811623509
0.0,0.070000000000000007,0.089999999999999997,0.35227169759594429
0.0,0.070000000000000007,0.10000000000000001,0.3947121750895326
0.0,0.080000000000000002,0.0,0.16574571561970725
0.0,0.080000000000000002,0.01,0.17242575287957754
0.0,0.080000000000000002,0.02,0.17787003899931261
0.0,0.080000000000000002,0.029999999999999999,0.19373443964074585
0.0,0.080000000000000002,0.040000000000000001,0.21390312636337694
0.0,0.080000000000000002,0.050000000000000003,0.23997740540178278
0.0,0.080000000000000002,0.059999999999999998,0.27052248808545692
0.0,0.080000000000000002,0.070000000000000007,0.30392246896974395
0.0,0.080000000000000002,0.080000000000000002,0.34074770761671958
0.0,0.080000000000000002,0.089999999999999997,0.38115276454285318
0.0,0.080000000000000002,0.10000000000000001,0.42236368633064864
0.0,0.089999999999999997,0.0,0.20392845728430328
0.0,0.089999999999999997,0.01,0.21050568650893611
0.0,0.089999999999999997,0.02,0.21582844903825818
0.0,0.089999999999999997,0.029999999999999999,0.23126915449137944
0.0,0.089999999999999997,0.040000000000000001,0.25082825088101013
0.0,0.089999999999999997,0.050000000000000003,0.27624064941897103
0.0,0.089999999999999997,0.059999999999999998,0.30565957073643557
0.0,0.089999999999999997,0.070000000000000007,0.33805593495684499
0.0,0.089999999999999997,0.080000000000000002,0.37364474497699113
0.0,0.089999999999999997,0.089999999999999997,0.41227142848454873
0.0,0.089999999999999997,0.10000000000000001,0.45239331194323179
0.0,0.10000000000000001,0.0,0.24407432057527254
0.0,0.10000000000000001,0.01,0.25050773599782206
0.0,0.10000000000000001,0.02,0.25564267503222765
0.0,0.10000000000000001,0.029999999999999999,0.27075738251300807
0.0,0.10000000000000001,0.040000000000000001,0.28968928512441766
0.0,0.10000000000000001,0.050000000000000003,0.31429095557881948
0.0,0.10000000000000001,0.059999999999999998,0.34304113995955987
0.0,0.10000000000000001,0.070000000000000007,0.37387983752706294
0.0,0.10000000000000001,0.080000000000000002,0.40835050502338516
0.0,0.10000000000000001,0.089999999999999997,0.44583609833703131
0.0,0.10000000000000001,0.10000000000000001,0.48402741994547727
0.01,0.0,0.0,0.0040602747256816398
0.01,0.0,0.01,0.011733544454570454
0.01,0.0,0.02,0.86346620161856036
0.01,0.0,0.029999999999999999,0.036646969774391469
0.01,0.0,0.040000000000000001,0.82748788381050875
0.01,0.0,0.050000000000000003,0.80017375674577595
0.01,0.0,0.059999999999999998,0.76751739874595459
0.01,0.0,0.070000000000000007,0.73214942921935666
0.01,0.0,0.080000000000000002,0.20691619372816614
0.01,0.0,0.089999999999999997,0.64684290582112469
0.01,0.0,0.10000000000000001,0.29911747651741621
0.01,0.01,0.0,0.01000732416118221
0.01,0.01,0.01,0.017595637679330034
0.01,0.01,0.02,0.97058675068412226
0.01,0.01,0.029999999999999999,0.04232908121165746
0.01,0.01,0.040000000000000001,0.92870781786784706
0.01,0.01,0.050000000000000003,0.89836048369889465
0.01,0.01,0.059999999999999998,0.86291708038179815
0.01,0.01,0.070000000000000007,0.8245934784734037
0.01,0.01,0.080000000000000002,0.21184450551790887
0.01,0.01,0.089999999999999997,0.73712549796815507
0.01,0.01,0.10000000000000001,0.30378659200089037
0.01,0.02,0.0,0.015057392702240574
0.01,0.02,0.01,0.022639397603183908
0.01,0.02,0.02,0.97118820695857344
0.01,0.02,0.029999999999999999,0.047131170323346107
0.01,0.02,0.040000000000000001,0.82447552161133253
0.01,0.02,0.050000000000000003,0.79719048557396377
0.01,0.02,0.059999999999999998,0.76462984181591243
0.01,0.02,0.070000000000000007,0.72921108646488297
0.01,0.02,0.080000000000000002,0.2159460123958572
0.01,0.02,0.089999999999999997,0.64405170041969495
0.01,0.02,0.10000000000000001,0.30760083707971231
0.01,0.029999999999999999,0.0,0.029886643167519666
0.01,0.029999999999999999,0.01,0.037294974728503981
0.01,0.029999999999999999,0.02,-0.044415605251962698
0.01,0.029999999999999999,0.029999999999999999,0.061246469808880454
0.01,0.029999999999999999,0.040000000000000001,0.91014713690892712
0.01,0.029999999999999999,0.050000000000000003,0.88045798415160503
0.01,0.029999999999999999,0.059999999999999998,0.84574285126153459
0.01,0.029999999999999999,0.070000000000000007,0.80777137313484193
0.01,0.029999999999999999,0.080000000000000002,0.22806072244197165
0.01,0.029999999999999999,0.089999999999999997,0.7214173088317869
0.01,0.029999999999999999,0.10000000000000001,0.31899662050777605
0.01,0.040000000000000001,0.0,0.048438637309607867
0.01,0.040000000000000001,0.01,0.055740918441430476
0.01,0.040000000000000001,0.02,-0.064434279556019422
0.01,0.040000000000000001,0.029999999999999999,0.079258509016760501
0.01,0.040000000000000001,0.040000000000000001,0.80570296002740072
0.01,0.040000000000000001,0.050000000000000003,0.77900958500764261
0.01,0.040000000000000001,0.059999999999999998,0.74715638948531726
0.01,0.040000000000000001,0.070000000000000007,0.71249565071817633
0.01,0.040000000000000001,0.080000000000000002,0.24321841451149492
0.01,0.040000000000000001,0.089999999999999997,0.62858774069179035
0.01,0.040000000000000001,0.10000000000000001,0.33291006514275928
0.01,0.050000000000000003,0.0,0.072919589980901867
0.01,0.050000000000000003,0.01,0.080069942613600467
0.01,0.050000000000000003,0.02,-0.091365938071406083
0.01,0.050000000000000003,0.029999999999999999,0.10296894279281983
0.01,0.050000000000000003,0.040000000000000001,0.86577627054411099
0.01,0.050000000000000003,0.050000000000000003,0.83745953090276204
0.01,0.050000000000000003,0.059999999999999998,0.18657512594997935
0.01,0.050000000000000003,0.070000000000000007,0.76754634597675031
0.01,0.050000000000000003,0.080000000000000002,0.26320506473490124
0.01,0.050000000000000003,0.089999999999999997,0.68367115047601779
0.01,0.050000000000000003,0.10000000000000001,0.35144239711447184
0.01,0.059999999999999998,0.0,0.85233145678246591
0.01,0.059999999999999998,0.01,0.84532666478735374
0.01,0.059999999999999998,0.02,0.83964531384179164
0.01,0.059999999999999998,0.029999999999999999,0.82305645046296239
0.01,0.059999999999999998,0.040000000000000001,0.80178954667716962
0.01,0.059999999999999998,0.050000000000000003,0.77414417605971497
0.01,0.059999999999999998,0.059999999999999998,0.21238492936554798
0.01,0.059999999999999998,0.070000000000000007,0.70610555328600333
0.01,0.059999999999999998,0.080000000000000002,0.2871420395845769
0.01,0.059999999999999998,0.089999999999999997,0.62460188147980189
0.01,0.059999999999999998,0.10000000000000001,0.37354867078569981
0.01,0.070000000000000007,0.0,0.13348948921906961
0.01,0.070000000000000007,0.01,0.14033958577006342
0.01,0.070000000000000007,0.02,-0.16147908182091344
0.01,0.070000000000000007,0.029999999999999999,0.16218752239802592
0.01,0.070000000000000007,0.040000000000000001,0.81417163158115813
0.01,0.070000000000000007,0.050000000000000003,0.78729699350961402
0.01,0.070000000000000007,0.059999999999999998,0.24118841348625877
0.01,0.070000000000000007,0.070000000000000007,0.7214907704438106
0.01,0.070000000000000007,0.080000000000000002,0.31354226530916768
0.01,0.070000000000000007,0.089999999999999997,0.64180681259792249
0.01,0.070000000000000007,0.10000000000000001,0.39734075397824259
0.01,0.080000000000000002,0.0,0.16906671691029598
0.01,0.080000000000000002,0.01,0.17573116301654565
0.01,0.080000000000000002,0.02,0.8188635612767805
0.01,0.080000000000000002,0.029999999999999999,0.1969583381894959
0.01,0.080000000000000002,0.040000000000000001,0.77832296051968175
0.01,0.080000000000000002,0.050000000000000003,0.75236035867672724
0.01,0.080000000000000002,0.059999999999999998,0.27356556131668808
0.01,0.080000000000000002,0.070000000000000007,0.68850744709974021
0.01,0.080000000000000002,0.080000000000000002,0.34362789151518031
0.01,0.080000000000000002,0.089999999999999997,0.61152845043953596
0.01,0.080000000000000002,0.10000000000000001,0.42498871731985782
0.01,0.089999999999999997,0.0,0.20715618091202628
0.01,0.089999999999999997,0.01,0.21371699452013623
0.01,0.089999999999999997,0.02,0.78099925336360332
0.01,0.089999999999999997,0.029999999999999999,0.23439891605864546
0.01,0.089999999999999997,0.040000000000000001,0.71196322888453512
0.01,0.089999999999999997,0.050000000000000003,0.68663583443270937
0.01,0.089999999999999997,0.059999999999999998,0.30861258456608193
0.01,0.089999999999999997,0.070000000000000007,0.62491397798821391
0.01,0.089999999999999997,0.080000000000000002,0.37647600054813113
0.01,0.089999999999999997,0.089999999999999997,0.55088954527289069
0.01,0.089999999999999997,0.10000000000000001,0.45501220524069702
0.01,0.10000000000000001,0.0,0.24724102711928145
0.01,0.10000000000000001,0.01,0.25365885138821048
0.01,0.10000000000000001,0.02,0.73527533595790973
0.01,0.10000000000000001,0.029999999999999999,0.27382698631517838
0.01,0.10000000000000001,0.040000000000000001,0.70139091796155884
0.01,0.10000000000000001,0.050000000000000003,0.67687425140350299
0.01,0.10000000000000001,0.059999999999999998,0.34593596649807562
0.01,0.10000000000000001,0.070000000000000007,0.61738167068680239
0.01,0.10000000000000001,0.080000000000000002,0.41111467306865696
0.01,0.10000000000000001,0.089999999999999997,0.54560609498400703
0.01,0.10000000000000001,0.10000000000000001,0.48660215907765969
0.02,0.0,0.0,0.0075001682396248527
0.02,0.0,0.01,0.015091315113217227
0.02,0.0,0.02,0.02130614491134809
0.02,0.0,0.029999999999999999,0.039766558347470442
0.02,0.0,0.040000000000000001,0.063130017149476261
0.02,0.0,0.050000000000000003,0.093425345988573313
0.02,0.0,0.059999999999999998,0.12884451621986084
0.02,0.0,0.070000000000000007,0.16717370922344013
0.02,0.0,0.080000000000000002,0.20931320921305843
0.02,0.0,0.089999999999999997,0.64499524964161814
0.02,0.0,0.10000000000000001,0.3012179616250561
0.02,0.01,0.0,0.013388261435236129
0.02,0.01,0.01,0.020948930309687853
0.02,0.01,0.02,0.027164049774632604
0.02,0.01,0.029999999999999999,0.045448323670113457
0.02,0.01,0.040000000000000001,0.06870354849336853
0.02,0.01,0.050000000000000003,0.098861848370831604
0.02,0.01,0.059999999999999998,0.13412455825149436
0.02,0.01,0.070000000000000007,0.17230235358215165
0.02,0.01,0.080000000000000002,0.21424146026919164
0.02,0.01,0.089999999999999997,0.73378029050292215
0.02,0.01,0.10000000000000001,0.30588707710853053
0.02,0.02,0.0,0.018324824997157041
0.02,0.02,0.01,0.025885783616924712
0.02,0.02,0.02,0.031969806631681696
0.02,0.02,0.029999999999999999,0.050233474543092793
0.02,0.02,0.040000000000000001,0.073344550108964235
0.02,0.02,0.050000000000000003,0.10334033453546053
0.02,0.02,0.059999999999999998,0.13850175228517894
0.02,0.02,0.070000000000000007,0.17651295890819474
0.02,0.02,0.080000000000000002,0.21834293678208638
0.02,0.02,0.089999999999999997,0.7287496817748752
0.02,0.02,0.10000000000000001,0.30970132218735197
0.02,0.029999999999999999,0.0,0.033100969456367174
0.02,0.029999999999999999,0.01,0.040485788372134623
0.02,0.029999999999999999,0.02,0.95345079452493253
0.02,0.029999999999999999,0.029999999999999999,0.064343566721831849
0.02,0.029999999999999999,0.040000000000000001,0.90609493905832261
0.02,0.029999999999999999,0.050000000000000003,0.87657244215083363
0.02,0.029999999999999999,0.059999999999999998,0.15135033158542582
0.02,0.029999999999999999,0.070000000000000007,0.80412202732256899
0.02,0.029999999999999999,0.080000000000000002,0.23045741387718813
0.02,0.029999999999999999,0.089999999999999997,0.71813495592813348
0.02,0.029999999999999999,0.10000000000000001,0.32109710561541616
0.02,0.040000000000000001,0.0,0.051560336830989296
0.02,0.040000000000000001,0.01,0.058836922004180593
0.02,0.040000000000000001,0.02,0.93524306672174851
0.02,0.040000000000000001,0.029999999999999999,0.082283965324707234
0.02,0.040000000000000001,0.040000000000000001,0.88946269900067287
0.02,0.040000000000000001,0.050000000000000003,0.86034028778412652
0.02,0.040000000000000001,0.059999999999999998,0.16766178779308283
0.02,0.040000000000000001,0.070000000000000007,0.78920329942241574
0.02,0.040000000000000001,0.080000000000000002,0.2456148364943905
0.02,0.040000000000000001,0.089999999999999997,0.70412357281947313
0.02,0.040000000000000001,0.10000000000000001,0.33501055025039922
0.02,0.050000000000000003,0.0,0.075928183904848123
0.02,0.050000000000000003,0.01,0.083053629844693944
0.02,0.050000000000000003,0.02,0.9111896177969806
0.02,0.050000000000000003,0.029999999999999999,0.10587891788139991
0.02,0.050000000000000003,0.040000000000000001,0.86204022351979592
0.02,0.050000000000000003,0.050000000000000003,0.83383470085594957
0.02,0.050000000000000003,0.059999999999999998,0.18924098726371361
0.02,0.050000000000000003,0.070000000000000007,0.76411658526081017
0.02,0.050000000000000003,0.080000000000000002,0.26559840048382366
0.02,0.050000000000000003,0.089999999999999997,0.68056422189102739
0.02,0.050000000000000003,0.10000000000000001,0.35354288222211144
0.02,0.059999999999999998,0.0,0.10485474183899109
0.02,0.059999999999999998,0.01,0.11183443798398028
0.02,0.059999999999999998,0.02,0.88250795849500119
0.02,0.059999999999999998,0.029999999999999999,0.13402439853948619
0.02,0.059999999999999998,0.040000000000000001,0.83796711370460664
0.02,0.059999999999999998,0.050000000000000003,0.81045134510220629
0.02,0.059999999999999998,0.059999999999999998,0.21502730949129281
0.02,0.059999999999999998,0.070000000000000007,0.74256353955259191
0.02,0.059999999999999998,0.080000000000000002,0.28952944983626927
0.02,0.059999999999999998,0.089999999999999997,0.6613962691015961
0.02,0.059999999999999998,0.10000000000000001,0.37564914773240027
0.02,0.070000000000000007,0.0,0.13632735894792763
0.02,0.070000000000000007,0.01,0.14315428891782941
0.02,0.070000000000000007,0.02,0.85135583844612561
0.02,0.070000000000000007,0.029999999999999999,0.16493068914070452
0.02,0.070000000000000007,0.040000000000000001,0.81061043581633407
0.02,0.070000000000000007,0.050000000000000003,0.78380735290402592
0.02,0.070000000000000007,0.059999999999999998,0.24376362100814106
0.02,0.070000000000000007,0.070000000000000007,0.71811675901420335
0.02,0.070000000000000007,0.080000000000000002,0.31593094345245998
0.02,0.070000000000000007,0.089999999999999997,0.63873771146360159
0.02,0.070000000000000007,0.10000000000000001,0.39944182638966169
0.02,0.080000000000000002,0.0,0.17182953397087264
0.02,0.080000000000000002,0.01,0.17847081349603008
0.02,0.080000000000000002,0.02,0.81614714531433707
0.02,0.080000000000000002,0.029999999999999999,0.19962640630911407
0.02,0.080000000000000002,0.040000000000000001,0.77631694788624861
0.02,0.080000000000000002,0.050000000000000003,0.75042685586430125
0.02,0.080000000000000002,0.059999999999999998,0.27605557491365668
0.02,0.080000000000000002,0.070000000000000007,0.68666190316231523
0.02,0.080000000000000002,0.080000000000000002,0.34598988246418205
0.02,0.080000000000000002,0.089999999999999997,0.60992552526831778
0.02,0.080000000000000002,0.10000000000000001,0.42708068580703501
0.02,0.089999999999999997,0.0,0.20984144577517339
0.02,0.089999999999999997,0.01,0.21637909280219117
0.02,0.089999999999999997,0.02,0.77836038959858922
0.02,0.089999999999999997,0.029999999999999999,0.23698895091090177
0.02,0.089999999999999997,0.040000000000000001,0.73975103450167146
0.02,0.089999999999999997,0.050000000000000003,0.71450720978974191
0.02,0.089999999999999997,0.059999999999999998,0.68897363642733789
0.02,0.089999999999999997,0.070000000000000007,0.65295208688251394
0.02,0.089999999999999997,0.080000000000000002,0.37879057286060736
0.02,0.089999999999999997,0.089999999999999997,0.57903879637200328
0.02,0.089999999999999997,0.10000000000000001,0.45710814592289911
0.02,0.10000000000000001,0.0,0.24979329997349406
0.02,0.10000000000000001,0.01,0.25618795766133046
0.02,0.10000000000000001,0.02,0.73672549694506095
0.02,0.10000000000000001,0.029999999999999999,0.27628452123271002
0.02,0.10000000000000001,0.040000000000000001,0.70122842955752607
0.02,0.10000000000000001,0.050000000000000003,0.67679291104505801
0.02,0.10000000000000001,0.059999999999999998,0.3482257326370834
0.02,0.10000000000000001,0.070000000000000007,0.61735890330720589
0.02,0.10000000000000001,0.080000000000000002,0.41329882239733245
0.02,0.10000000000000001,0.089999999999999997,0.54574953657254743
0.02,0.10000000000000001,0.10000000000000001,0.48864737809794806
0.029999999999999999,0.0,0.0,0.017692746953387836
0.029999999999999999,0.0,0.01,0.025076060657492936
0.029999999999999999,0.0,0.02,0.031149076489136007
0.029999999999999999,0.0,0.029999999999999999,0.049074754068039773
0.029999999999999999,0.0,0.040000000000000001,0.072068158431104465
0.029999999999999999,0.0,0.050000000000000003,0.10192983587761624
0.029999999999999999,0.0,0.059999999999999998,0.13687762974611542
0.029999999999999999,0.0,0.070000000000000007,0.17482957154488135
0.029999999999999999,0.0,0.080000000000000002,0.21654242812617386
0.029999999999999999,0.0,0.089999999999999997,0.26150218012462284
0.029999999999999999,0.0,0.10000000000000001,0.30768945900487649
0.029999999999999999,0.01,0.0,0.023419214646842625
0.029999999999999999,0.01,0.01,0.030798228571553277
0.029999999999999999,0.01,0.02,0.036870663586920711
0.029999999999999999,0.01,0.029999999999999999,0.054717469712486533
0.029999999999999999,0.01,0.040000000000000001,0.077631708872075475
0.029999999999999999,0.01,0.050000000000000003,0.10736303065192797
0.029999999999999999,0.01,0.059999999999999998,0.14215512120909155
0.029999999999999999,0.01,0.070000000000000007,0.17995798878871316
0.029999999999999999,0.01,0.080000000000000002,0.22146969226582011
0.029999999999999999,0.01,0.089999999999999997,0.26631036443846862
0.029999999999999999,0.01,0.10000000000000001,0.31235857448835042
0.029999999999999999,0.02,0.0,0.028246485233276997
0.029999999999999999,0.02,0.01,0.035624918584448738
0.029999999999999999,0.02,0.02,0.041660888071835045
0.029999999999999999,0.02,0.029999999999999999,0.059507219275979871
0.029999999999999999,0.02,0.040000000000000001,0.082277507653713888
0.029999999999999999,0.02,0.050000000000000003,0.11183947399476894
0.029999999999999999,0.02,0.059999999999999998,0.14653252682512383
0.029999999999999999,0.02,0.070000000000000007,0.18416855345135083
0.029999999999999999,0.02,0.080000000000000002,0.22557094901876282
0.029999999999999999,0.02,0.089999999999999997,0.2702999088641011
0.029999999999999999,0.02,0.10000000000000001,0.31617281956717258
0.029999999999999999,0.029999999999999999,0.0,0.042604802402928577
0.029999999999999999,0.029999999999999999,0.01,0.049904364004919745
0.029999999999999999,0.029999999999999999,0.02,0.055939858769507057
0.029999999999999999,0.029999999999999999,0.029999999999999999,0.073447970449347047
0.029999999999999999,0.029999999999999999,0.040000000000000001,0.096054631871790641
0.029999999999999999,0.029999999999999999,0.050000000000000003,0.12519196960355911
0.029999999999999999,0.029999999999999999,0.059999999999999998,0.15937195256761605
0.029999999999999999,0.029999999999999999,0.070000000000000007,0.19675879273753502
0.029999999999999999,0.029999999999999999,0.080000000000000002,0.23768501583019228
0.029999999999999999,0.029999999999999999,0.089999999999999997,0.2820201143022984
0.029999999999999999,0.029999999999999999,0.10000000000000001,0.32756858286025559
0.029999999999999999,0.040000000000000001,0.0,0.060849038721573122
0.029999999999999999,0.040000000000000001,0.01,0.068069435324315364
0.029999999999999999,0.040000000000000001,0.02,0.073960979357144171
0.029999999999999999,0.040000000000000001,0.029999999999999999,0.091305463840413284
0.029999999999999999,0.040000000000000001,0.040000000000000001,0.11316741934405559
0.029999999999999999,0.040000000000000001,0.050000000000000003,0.14199239737589678
0.029999999999999999,0.040000000000000001,0.059999999999999998,0.17569669213467817
0.029999999999999999,0.040000000000000001,0.070000000000000007,0.21224673032398264
0.029999999999999999,0.040000000000000001,0.080000000000000002,0.25284130082987483
0.029999999999999999,0.040000000000000001,0.089999999999999997,0.29659363669570532
0.029999999999999999,0.040000000000000001,0.10000000000000001,0.34148050876409797
0.029999999999999999,0.050000000000000003,0.0,0.084936114504162663
0.029999999999999999,0.050000000000000003,0.01,0.092012677436937182
0.029999999999999999,0.050000000000000003,0.02,0.097734865964918469
0.029999999999999999,0.050000000000000003,0.029999999999999999,0.11466543117446056
0.029999999999999999,0.050000000000000003,0.040000000000000001,0.13621502604076066
0.029999999999999999,0.050000000000000003,0.050000000000000003,0.16413055924019587
0.029999999999999999,0.050000000000000003,0.059999999999999998,0.19724406507348988
0.029999999999999999,0.050000000000000003,0.070000000000000007,0.23311198044328299
0.029999999999999999,0.050000000000000003,0.080000000000000002,0.27282438090986844
0.029999999999999999,0.050000000000000003,0.089999999999999997,0.31590791876218877
0.029999999999999999,0.050000000000000003,0.10000000000000001,0.36001327663910626
0.029999999999999999,0.059999999999999998,0.0,0.1135375605548478
0.029999999999999999,0.059999999999999998,0.01,0.12047189849260977
0.029999999999999999,0.059999999999999998,0.02,0.12609503415566417
0.029999999999999999,0.059999999999999998,0.029999999999999999,0.14250156813117745
0.029999999999999999,0.059999999999999998,0.040000000000000001,0.16357573263173586
0.029999999999999999,0.059999999999999998,0.050000000000000003,0.19092876605670753
0.029999999999999999,0.059999999999999998,0.059999999999999998,0.22284301637501039
0.029999999999999999,0.059999999999999998,0.070000000000000007,0.2582067461010053
0.029999999999999999,0.059999999999999998,0.080000000000000002,0.29675421209508196
0.029999999999999999,0.059999999999999998,0.089999999999999997,0.33866606388896497
0.029999999999999999,0.059999999999999998,0.10000000000000001,0.38211871185879415
0.029999999999999999,0.070000000000000007,0.0,0.14480485169285437
0.029999999999999999,0.070000000000000007,0.01,0.1515854516754799
0.029999999999999999,0.070000000000000007,0.02,0.1570423581580149
0.029999999999999999,0.070000000000000007,0.029999999999999999,0.17320979561514252
0.029999999999999999,0.070000000000000007,0.040000000000000001,0.19344172984498711
0.029999999999999999,0.070000000000000007,0.050000000000000003,0.22011068522790914
0.029999999999999999,0.070000000000000007,0.059999999999999998,0.25152108485634994
0.029999999999999999,0.070000000000000007,0.070000000000000007,0.28531230184811135
0.029999999999999999,0.070000000000000007,0.080000000000000002,0.32317117111810628
0.029999999999999999,0.070000000000000007,0.089999999999999997,0.36408803242038507
0.029999999999999999,0.070000000000000007,0.10000000000000001,0.40589629789438147
0.029999999999999999,0.080000000000000002,0.0,0.18001045384532002
0.029999999999999999,0.080000000000000002,0.01,0.18660246315737203
0.029999999999999999,0.080000000000000002,0.02,0.19195198326753501
0.029999999999999999,0.080000000000000002,0.029999999999999999,0.20760352646043592
0.029999999999999999,0.080000000000000002,0.040000000000000001,0.22749994971350032
0.029999999999999999,0.080000000000000002,0.050000000000000003,0.25325723526175825
0.029999999999999999,0.080000000000000002,0.059999999999999998,0.28355944706086322
0.029999999999999999,0.080000000000000002,0.070000000000000007,0.31667772844354297
0.029999999999999999,0.080000000000000002,0.080000000000000002,0.35304849838675806
0.029999999999999999,0.080000000000000002,0.089999999999999997,0.39289855232802456
0.029999999999999999,0.080000000000000002,0.10000000000000001,0.43354287936827091
0.029999999999999999,0.089999999999999997,0.0,0.21779176499011768
0.029999999999999999,0.089999999999999997,0.01,0.22427175719949025
0.029999999999999999,0.089999999999999997,0.02,0.2294998422109554
0.029999999999999999,0.089999999999999997,0.029999999999999999,0.24472977545297556
0.029999999999999999,0.089999999999999997,0.040000000000000001,0.26402828193417677
0.029999999999999999,0.089999999999999997,0.050000000000000003,0.2891037338334182
0.029999999999999999,0.089999999999999997,0.059999999999999998,0.31826788413441115
0.029999999999999999,0.089999999999999997,0.070000000000000007,0.35038620444530971
0.029999999999999999,0.089999999999999997,0.080000000000000002,0.38570480308642613
0.029999999999999999,0.089999999999999997,0.089999999999999997,0.42380606684767691
0.029999999999999999,0.089999999999999997,0.10000000000000001,0.46349985514038106
0.029999999999999999,0.10000000000000001,0.0,0.2574896509061983
0.029999999999999999,0.10000000000000001,0.01,0.2638381010874763
0.029999999999999999,0.10000000000000001,0.02,0.26887827411230991
0.029999999999999999,0.10000000000000001,0.029999999999999999,0.28378523511967241
0.029999999999999999,0.10000000000000001,0.040000000000000001,0.30245933212294218
0.029999999999999999,0.10000000000000001,0.050000000000000003,0.32676216470164721
0.029999999999999999,0.10000000000000001,0.059999999999999998,0.35527074152856714
0.029999999999999999,0.10000000000000001,0.070000000000000007,0.38580365065022398
0.029999999999999999,0.10000000000000001,0.080000000000000002,0.4200656210892455
0.029999999999999999,0.10000000000000001,0.089999999999999997,0.45716825379208181
0.029999999999999999,0.10000000000000001,0.10000000000000001,0.49496497438357556
0.040000000000000001,0.0,0.0,0.030518896535885385
0.040000000000000001,0.0,0.01,0.037747063791714594
0.040000000000000001,0.0,0.02,0.04364948344280057
0.040000000000000001,0.0,0.029999999999999999,0.061084651161295883
0.040000000000000001,0.0,0.040000000000000001,0.083317744531135968
0.040000000000000001,0.0,0.050000000000000003,0.11268498986999513
0.040000000000000001,0.0,0.059999999999999998,0.14710372112380829
0.040000000000000001,0.0,0.070000000000000007,0.18436727994191759
0.040000000000000001,0.0,0.080000000000000002,0.22560794229926626
0.040000000000000001,0.0,0.089999999999999997,0.26999418034166145
0.040000000000000001,0.0,0.10000000000000001,0.31554982464937353
0.040000000000000001,0.01,0.0,0.036130374182314622
0.040000000000000001,0.01,0.01,0.043345179344975789
0.040000000000000001,0.01,0.02,0.049240503259118273
0.040000000000000001,0.01,0.029999999999999999,0.066657346710514667
0.040000000000000001,0.01,0.040000000000000001,0.088880840447341417
0.040000000000000001,0.01,0.050000000000000003,0.11811101509219139
0.040000000000000001,0.01,0.059999999999999998,0.15237152779882071
0.040000000000000001,0.01,0.070000000000000007,0.18949433393765894
0.040000000000000001,0.01,0.080000000000000002,0.23052891150639865
0.040000000000000001,0.01,0.089999999999999997,0.27480143858533951
0.040000000000000001,0.01,0.10000000000000001,0.32021878373481955
0.040000000000000001,0.02,0.0,0.040826563384393881
0.040000000000000001,0.02,0.01,0.048034272901078583
0.040000000000000001,0.02,0.02,0.053921976366561687
0.040000000000000001,0.02,0.029999999999999999,0.071348005733918599
0.040000000000000001,0.02,0.040000000000000001,0.093498071849250644
0.040000000000000001,0.02,0.050000000000000003,0.12258147741345489
0.040000000000000001,0.02,0.059999999999999998,0.15675081652621012
0.040000000000000001,0.02,0.070000000000000007,0.19369867766332383
0.040000000000000001,0.02,0.080000000000000002,0.23462863596946226
0.040000000000000001,0.02,0.089999999999999997,0.27878822431160882
0.040000000000000001,0.02,0.10000000000000001,0.32403217462847428
0.040000000000000001,0.029999999999999999,0.0,0.054809823082260845
0.040000000000000001,0.029999999999999999,0.01,0.061999208056992439
0.040000000000000001,0.029999999999999999,0.02,0.067896097488686705
0.040000000000000001,0.029999999999999999,0.029999999999999999,0.085189067878376115
0.040000000000000001,0.029999999999999999,0.040000000000000001,0.10720748936786256
0.040000000000000001,0.029999999999999999,0.050000000000000003,0.13595222425397452
0.040000000000000001,0.029999999999999999,0.059999999999999998,0.16959657896132441
0.040000000000000001,0.029999999999999999,0.070000000000000007,0.20628539242341457
0.040000000000000001,0.029999999999999999,0.080000000000000002,0.2467401059458566
0.040000000000000001,0.029999999999999999,0.089999999999999997,0.29049671084591183
0.040000000000000001,0.029999999999999999,0.10000000000000001,0.33542661629161863
0.040000000000000001,0.040000000000000001,0.0,0.072457779146551757
0.040000000000000001,0.040000000000000001,0.01,0.079637564641208747
0.040000000000000001,0.040000000000000001,0.02,0.085461026430233178
0.040000000000000001,0.040000000000000001,0.029999999999999999,0.10262235176218759
0.040000000000000001,0.040000000000000001,0.040000000000000001,0.12401316513216883
0.040000000000000001,0.040000000000000001,0.050000000000000003,0.1525035653903162
0.040000000000000001,0.040000000000000001,0.059999999999999998,0.18583225828413349
0.040000000000000001,0.040000000000000001,0.070000000000000007,0.22177605920359389
0.040000000000000001,0.040000000000000001,0.080000000000000002,0.26188893349620984
0.040000000000000001,0.040000000000000001,0.089999999999999997,0.3050625218681256
0.040000000000000001,0.040000000000000001,0.10000000000000001,0.34934129307210987
0.040000000000000001,0.050000000000000003,0.0,0.096260104591309889
0.040000000000000001,0.050000000000000003,0.01,0.10328859090327357
0.040000000000000001,0.050000000000000003,0.02,0.10896528375011715
0.040000000000000001,0.050000000000000003,0.029999999999999999,0.12579864768502358
0.040000000000000001,0.050000000000000003,0.040000000000000001,0.14693512555938662
0.040000000000000001,0.050000000000000003,0.050000000000000003,0.17454316685670346
0.040000000000000001,0.050000000000000003,0.059999999999999998,0.20731844243672568
0.040000000000000001,0.050000000000000003,0.070000000000000007,0.24263157214518563
0.040000000000000001,0.050000000000000003,0.080000000000000002,0.28186875555020441
0.040000000000000001,0.050000000000000003,0.089999999999999997,0.32437221394102228
0.040000000000000001,0.050000000000000003,0.10000000000000001,0.36787091270515537
0.040000000000000001,0.059999999999999998,0.0,0.12454344943502833
0.040000000000000001,0.059999999999999998,0.01,0.13142794574960559
0.040000000000000001,0.059999999999999998,0.02,0.13701346443866469
0.040000000000000001,0.059999999999999998,0.029999999999999999,0.15331113519955306
0.040000000000000001,0.059999999999999998,0.040000000000000001,0.17413294954437389
0.040000000000000001,0.059999999999999998,0.050000000000000003,0.20121227362462082
0.040000000000000001,0.059999999999999998,0.059999999999999998,0.23279229850424529
0.040000000000000001,0.059999999999999998,0.070000000000000007,0.26765010117799143
0.040000000000000001,0.059999999999999998,0.080000000000000002,0.30581488206923102
0.040000000000000001,0.059999999999999998,0.089999999999999997,0.34713191301586682
0.040000000000000001,0.059999999999999998,0.10000000000000001,0.38997443569419793
0.040000000000000001,0.070000000000000007,0.0,0.15531070197048102
0.040000000000000001,0.070000000000000007,0.01,0.16204938027609839
0.040000000000000001,0.070000000000000007,0.02,0.16746422121420804
0.040000000000000001,0.070000000000000007,0.029999999999999999,0.18350966062612992
0.040000000000000001,0.070000000000000007,0.040000000000000001,0.20358172633440216
0.040000000000000001,0.070000000000000007,0.050000000000000003,0.23002661011479864
0.040000000000000001,0.070000000000000007,0.059999999999999998,0.26115704618086716
0.040000000000000001,0.070000000000000007,0.070000000000000007,0.29444906213998129
0.040000000000000001,0.070000000000000007,0.080000000000000002,0.33200131176212966
0.040000000000000001,0.070000000000000007,0.089999999999999997,0.37249721896145377
0.040000000000000001,0.070000000000000007,0.10000000000000001,0.41375003174731845
0.040000000000000001,0.080000000000000002,0.0,0.19025999297057491
0.040000000000000001,0.080000000000000002,0.01,0.19681069331986176
0.040000000000000001,0.080000000000000002,0.02,0.20212049256413586
0.040000000000000001,0.080000000000000002,0.029999999999999999,0.21765408078805182
0.040000000000000001,0.080000000000000002,0.040000000000000001,0.23737819156455497
0.040000000000000001,0.080000000000000002,0.050000000000000003,0.26292411708396862
0.040000000000000001,0.080000000000000002,0.059999999999999998,0.29303348983558503
0.040000000000000001,0.080000000000000002,0.070000000000000007,0.32572922789027464
0.040000000000000001,0.080000000000000002,0.080000000000000002,0.3617943271833246
0.040000000000000001,0.080000000000000002,0.089999999999999997,0.40125774036249789
0.040000000000000001,0.080000000000000002,0.10000000000000001,0.44141222971490884
0.040000000000000001,0.089999999999999997,0.0,0.22765887189324041
0.040000000000000001,0.089999999999999997,0.01,0.23409789401455847
0.040000000000000001,0.089999999999999997,0.02,0.23928646418281249
0.040000000000000001,0.089999999999999997,0.029999999999999999,0.2544006740720387
0.040000000000000001,0.089999999999999997,0.040000000000000001,0.27353283359012076
0.040000000000000001,0.089999999999999997,0.050000000000000003,0.29840012724226889
0.040000000000000001,0.089999999999999997,0.059999999999999998,0.32736271290263536
0.040000000000000001,0.089999999999999997,0.070000000000000007,0.35922959462726478
0.040000000000000001,0.089999999999999997,0.080000000000000002,0.39427358200450086
0.040000000000000001,0.089999999999999997,0.089999999999999997,0.43198820500365837
0.040000000000000001,0.089999999999999997,0.10000000000000001,0.4712464216342
0.040000000000000001,0.10000000000000001,0.0,0.26692916340507256
0.040000000000000001,0.10000000000000001,0.01,0.27323745671872279
0.040000000000000001,0.10000000000000001,0.02,0.27823811490034506
0.040000000000000001,0.10000000000000001,0.029999999999999999,0.29302970428868819
0.040000000000000001,0.10000000000000001,0.040000000000000001,0.31154007042538062
0.040000000000000001,0.10000000000000001,0.050000000000000003,0.33563539656435432
0.040000000000000001,0.10000000000000001,0.059999999999999998,0.36392630463284831
0.040000000000000001,0.10000000000000001,0.070000000000000007,0.39427262590736517
0.040000000000000001,0.10000000000000001,0.080000000000000002,0.42833177107053633
0.040000000000000001,0.10000000000000001,0.089999999999999997,0.46510063686482056
0.040000000000000001,0.10000000000000001,0.10000000000000001,0.50246178579415191
0.050000000000000003,0.0,0.0,0.04777144703170641
0.050000000000000003,0.0,0.01,0.05479332385517463
0.050000000000000003,0.0,0.02,0.060490707573266501
0.050000000000000003,0.0,0.029999999999999999,0.077363999509745318
0.050000000000000003,0.0,0.040000000000000001,0.098924397237205933
0.050000000000000003,0.0,0.050000000000000003,0.12720671474697662
0.050000000000000003,0.0,0.059999999999999998,0.16087791207482341
0.050000000000000003,0.0,0.070000000000000007,0.19741165792261617
0.050000000000000003,0.0,0.080000000000000002,0.23780667652188492
0.050000000000000003,0.0,0.089999999999999997,0.28141692136351676
0.050000000000000003,0.0,0.10000000000000001,0.32624156514295244
0.050000000000000003,0.01,0.0,0.053219487472060019
0.050000000000000003,0.01,0.01,0.060248240611917588
0.050000000000000003,0.01,0.02,0.065939694696702175
0.050000000000000003,0.01,0.029999999999999999,0.082809932322944799
0.050000000000000003,0.01,0.040000000000000001,0.10435561925070298
0.050000000000000003,0.01,0.050000000000000003,0.13261622342362159
0.050000000000000003,0.01,0.059999999999999998,0.16614191481740709
0.050000000000000003,0.01,0.070000000000000007,0.20252618890518423
0.050000000000000003,0.01,0.080000000000000002,0.24272878891322569
0.050000000000000003,0.01,0.089999999999999997,0.28622065591220258
0.050000000000000003,0.01,0.10000000000000001,0.33090919681525349
0.050000000000000003,0.02,0.0,0.057755676300345136
0.050000000000000003,0.02,0.01,0.064778499702249651
0.050000000000000003,0.02,0.02,0.07046504523319165
0.050000000000000003,0.02,0.029999999999999999,0.08733324308910391
0.050000000000000003,0.02,0.040000000000000001,0.10887642773334695
0.050000000000000003,0.02,0.050000000000000003,0.13705169500760131
0.050000000000000003,0.02,0.059999999999999998,0.17051608422197775
0.050000000000000003,0.02,0.070000000000000007,0.20672939475096533
0.050000000000000003,0.02,0.080000000000000002,0.24682824953761573
0.050000000000000003,0.02,0.089999999999999997,0.29020494084139575
0.050000000000000003,0.02,0.10000000000000001,0.33472099220539847
0.050000000000000003,0.029999999999999999,0.0,0.071288998665752265
0.050000000000000003,0.029999999999999999,0.01,0.078308767747899063
0.050000000000000003,0.029999999999999999,0.02,0.083993273707307622
0.050000000000000003,0.029999999999999999,0.029999999999999999,0.10082214052917897
0.050000000000000003,0.029999999999999999,0.040000000000000001,0.12238795183987254
0.050000000000000003,0.029999999999999999,0.050000000000000003,0.15031880261385219
0.050000000000000003,0.029999999999999999,0.059999999999999998,0.18335259089525455
0.050000000000000003,0.029999999999999999,0.070000000000000007,0.21932827821917358
0.050000000000000003,0.029999999999999999,0.080000000000000002,0.25893201344407302
0.050000000000000003,0.029999999999999999,0.089999999999999997,0.30191300714755714
0.050000000000000003,0.029999999999999999,0.10000000000000001,0.34610714201790832
0.050000000000000003,0.040000000000000001,0.0,0.088433286650979895
0.050000000000000003,0.040000000000000001,0.01,0.095443764547865614
0.050000000000000003,0.040000000000000001,0.02,0.10112576837234011
0.050000000000000003,0.040000000000000001,0.029999999999999999,0.11797726137039899
0.050000000000000003,0.040000000000000001,0.040000000000000001,0.13903865214872083
0.050000000000000003,0.040000000000000001,0.050000000000000003,0.16679030399437136
0.050000000000000003,0.040000000000000001,0.059999999999999998,0.19953301448084093
0.050000000000000003,0.040000000000000001,0.070000000000000007,0.23482200317279137
0.050000000000000003,0.040000000000000001,0.080000000000000002,0.27407837919880262
0.050000000000000003,0.040000000000000001,0.089999999999999997,0.31645764089075407
0.050000000000000003,0.040000000000000001,0.10000000000000001,0.36001882766488497
0.050000000000000003,0.050000000000000003,0.0,0.11140580887381447
0.050000000000000003,0.050000000000000003,0.01,0.11837746836545897
0.050000000000000003,0.050000000000000003,0.02,0.12397413518166035
0.050000000000000003,0.050000000000000003,0.029999999999999999,0.14059192113813521
0.050000000000000003,0.050000000000000003,0.040000000000000001,0.16147411223052754
0.050000000000000003,0.050000000000000003,0.050000000000000003,0.18844971611806183
0.050000000000000003,0.050000000000000003,0.059999999999999998,0.22070407043155651
0.050000000000000003,0.050000000000000003,0.070000000000000007,0.25548888552316679
0.050000000000000003,0.050000000000000003,0.080000000000000002,0.29400849301942961
0.050000000000000003,0.050000000000000003,0.089999999999999997,0.33574670619482205
0.050000000000000003,0.050000000000000003,0.10000000000000001,0.37854103033197806
0.050000000000000003,0.059999999999999998,0.0,0.13921394084494745
0.050000000000000003,0.059999999999999998,0.01,0.14605178012340717
0.050000000000000003,0.059999999999999998,0.02,0.15158714460199982
0.050000000000000003,0.059999999999999998,0.029999999999999999,0.16776362070542442
0.050000000000000003,0.059999999999999998,0.040000000000000001,0.18835573205310144
0.050000000000000003,0.059999999999999998,0.050000000000000003,0.21486767713391572
0.050000000000000003,0.059999999999999998,0.059999999999999998,0.24598805575683377
0.050000000000000003,0.059999999999999998,0.070000000000000007,0.28033770639494249
0.050000000000000003,0.059999999999999998,0.080000000000000002,0.31788589505540205
0.050000000000000003,0.059999999999999998,0.089999999999999997,0.35854298772272308
0.050000000000000003,0.059999999999999998,0.10000000000000001,0.40064257347531756
0.050000000000000003,0.070000000000000007,0.0,0.16953154630343051
0.050000000000000003,0.070000000000000007,0.01,0.1762202678856982
0.050000000000000003,0.070000000000000007,0.02,0.18158649270953578
0.050000000000000003,0.070000000000000007,0.029999999999999999,0.19753076925972782
0.050000000000000003,0.070000000000000007,0.040000000000000001,0.2174307306758618
0.050000000000000003,0.070000000000000007,0.050000000000000003,0.24343473047418526
0.050000000000000003,0.070000000000000007,0.059999999999999998,0.27412568597111947
0.050000000000000003,0.070000000000000007,0.070000000000000007,0.30692366515191499
0.050000000000000003,0.070000000000000007,0.080000000000000002,0.34389060626759199
0.050000000000000003,0.070000000000000007,0.089999999999999997,0.38379088780007981
0.050000000000000003,0.070000000000000007,0.10000000000000001,0.42440988020613379
0.050000000000000003,0.080000000000000002,0.0,0.20391747161451682
0.050000000000000003,0.080000000000000002,0.01,0.21042098628757669
0.050000000000000003,0.080000000000000002,0.02,0.21568451680421696
0.050000000000000003,0.080000000000000002,0.029999999999999999,0.23109846002323098
0.050000000000000003,0.080000000000000002,0.040000000000000001,0.25064591654622537
0.050000000000000003,0.080000000000000002,0.050000000000000003,0.27589011715619943
0.050000000000000003,0.080000000000000002,0.059999999999999998,0.30566088918274442
0.050000000000000003,0.080000000000000002,0.070000000000000007,0.33789498086462322
0.050000000000000003,0.080000000000000002,0.080000000000000002,0.37337636022997533
0.050000000000000003,0.080000000000000002,0.089999999999999997,0.41228982325750102
0.050000000000000003,0.080000000000000002,0.10000000000000001,0.45191898327931934
0.050000000000000003,0.089999999999999997,0.0,0.24086928129806087
0.050000000000000003,0.089999999999999997,0.01,0.24726284832479084
0.050000000000000003,0.089999999999999997,0.02,0.25240614362600827
0.050000000000000003,0.089999999999999997,0.029999999999999999,0.26740707039533279
0.050000000000000003,0.089999999999999997,0.040000000000000001,0.28636002239007735
0.050000000000000003,0.089999999999999997,0.050000000000000003,0.31096170011680696
0.050000000000000003,0.089999999999999997,0.059999999999999998,0.33969544582321953
0.050000000000000003,0.089999999999999997,0.070000000000000007,0.37115820454707943
0.050000000000000003,0.089999999999999997,0.080000000000000002,0.40566648263935551
0.050000000000000003,0.089999999999999997,0.089999999999999997,0.44283161259953152
0.050000000000000003,0.089999999999999997,0.10000000000000001,0.48160328062555474
0.050000000000000003,0.10000000000000001,0.0,0.27962048323449001
0.050000000000000003,0.10000000000000001,0.01,0.28588591389066043
0.050000000000000003,0.10000000000000001,0.02,0.29084153698917442
0.050000000000000003,0.10000000000000001,0.029999999999999999,0.30552120688204071
0.050000000000000003,0.10000000000000001,0.040000000000000001,0.32385687722180084
0.050000000000000003,0.10000000000000001,0.050000000000000003,0.34768999631685121
0.050000000000000003,0.10000000000000001,0.059999999999999998,0.37571456671809234
0.050000000000000003,0.10000000000000001,0.070000000000000007,0.40577471774360063
0.050000000000000003,0.10000000000000001,0.080000000000000002,0.4394005731005759
0.050000000000000003,0.10000000000000001,0.089999999999999997,0.47565852736095104
0.050000000000000003,0.10000000000000001,0.10000000000000001,0.51253312768576387
0.059999999999999998,0.0,0.0,0.068159914152827614
0.059999999999999998,0.0,0.01,0.074965202794493174
0.059999999999999998,0.0,0.02,0.080503304314365601
0.059999999999999998,0.0,0.029999999999999999,0.096820291408768466
0.059999999999999998,0.0,0.040000000000000001,0.11766813474400685
0.059999999999999998,0.0,0.050000000000000003,0.14494634932874417
0.059999999999999998,0.0,0.059999999999999998,0.17731556701001819
0.059999999999999998,0.0,0.070000000000000007,0.2130380310260819
0.059999999999999998,0.0,0.080000000000000002,0.25250300975648632
0.059999999999999998,0.0,0.089999999999999997,0.29499645529644658
0.059999999999999998,0.0,0.10000000000000001,0.33905413525618905
0.059999999999999998,0.01,0.0,0.073445212063087281
0.059999999999999998,0.01,0.01,0.080271024911684627
0.059999999999999998,0.01,0.02,0.085808462693086951
0.059999999999999998,0.01,0.029999999999999999,0.10212339775584832
0.059999999999999998,0.01,0.040000000000000001,0.12295845650010856
0.059999999999999998,0.01,0.050000000000000003,0.15022687872516868
0.059999999999999998,0.01,0.059999999999999998,0.18256899991123088
0.059999999999999998,0.01,0.070000000000000007,0.21814701814920101
0.059999999999999998,0.01,0.080000000000000002,0.25742260312861975
0.059999999999999998,0.01,0.089999999999999997,0.29980010265705698
0.059999999999999998,0.01,0.10000000000000001,0.34371936170278489
0.059999999999999998,0.02,0.0,0.077863111322352171
0.059999999999999998,0.02,0.01,0.084688683231855619
0.059999999999999998,0.02,0.02,0.090225124256688827
0.059999999999999998,0.02,0.029999999999999999,0.10653679993875992
0.059999999999999998,0.02,0.040000000000000001,0.12737137250114491
0.059999999999999998,0.02,0.050000000000000003,0.15462353063078008
0.059999999999999998,0.02,0.059999999999999998,0.18692882279012282
0.059999999999999998,0.02,0.070000000000000007,0.22235638292048779
0.059999999999999998,0.02,0.080000000000000002,0.26151898856865008
0.059999999999999998,0.02,0.089999999999999997,0.30378233355442669
0.059999999999999998,0.02,0.10000000000000001,0.34753002521317683
0.059999999999999998,0.029999999999999999,0.0,0.090935489154145219
0.059999999999999998,0.029999999999999999,0.01,0.097756380317750122
0.059999999999999998,0.029999999999999999,0.02,0.10328957149201794
0.059999999999999998,0.029999999999999999,0.029999999999999999,0.11958652401967042
0.059999999999999998,0.029999999999999999,0.040000000000000001,0.14044046477621072
0.059999999999999998,0.029999999999999999,0.050000000000000003,0.16764756226414038
0.059999999999999998,0.029999999999999999,0.059999999999999998,0.19962410513767051
0.059999999999999998,0.029999999999999999,0.070000000000000007,0.23490231484901677
0.059999999999999998,0.029999999999999999,0.080000000000000002,0.27360371094314612
0.059999999999999998,0.029999999999999999,0.089999999999999997,0.31548213140707898
0.059999999999999998,0.029999999999999999,0.10000000000000001,0.35891564679596949
0.059999999999999998,0.040000000000000001,0.0,0.10754195143376914
0.059999999999999998,0.040000000000000001,0.01,0.11435336515944834
0.059999999999999998,0.040000000000000001,0.02,0.11988629158269011
0.059999999999999998,0.040000000000000001,0.029999999999999999,0.13620065521294214
0.059999999999999998,0.040000000000000001,0.040000000000000001,0.15686302371396321
0.059999999999999998,0.040000000000000001,0.050000000000000003,0.18395474657785868
0.059999999999999998,0.040000000000000001,0.059999999999999998,0.21571846051877339
0.059999999999999998,0.040000000000000001,0.070000000000000007,0.2503387485396294
0.059999999999999998,0.040000000000000001,0.080000000000000002,0.28875950319530846
0.059999999999999998,0.040000000000000001,0.089999999999999997,0.33001639223147411
0.059999999999999998,0.040000000000000001,0.10000000000000001,0.37283798730551987
0.059999999999999998,0.050000000000000003,0.0,0.12975200866298181
0.059999999999999998,0.050000000000000003,0.01,0.13656050331481628
0.059999999999999998,0.050000000000000003,0.02,0.14207695132407885
0.059999999999999998,0.050000000000000003,0.029999999999999999,0.15834715398957386
0.059999999999999998,0.050000000000000003,0.040000000000000001,0.1788941474842641
0.059999999999999998,0.050000000000000003,0.050000000000000003,0.20534469288579191
0.059999999999999998,0.050000000000000003,0.059999999999999998,0.23671751827962009
0.059999999999999998,0.050000000000000003,0.070000000000000007,0.27089198253625657
0.059999999999999998,0.050000000000000003,0.080000000000000002,0.30864390179310996
0.059999999999999998,0.050000000000000003,0.089999999999999997,0.34932689728287913
0.059999999999999998,0.050000000000000003,0.10000000000000001,0.39134859407714545
0.059999999999999998,0.059999999999999998,0.0,0.1565291126882826
0.059999999999999998,0.059999999999999998,0.01,0.16330777434573007
0.059999999999999998,0.059999999999999998,0.02,0.16878739325422479
0.059999999999999998,0.059999999999999998,0.029999999999999999,0.184718137582179
0.059999999999999998,0.059999999999999998,0.040000000000000001,0.2050533002611612
0.059999999999999998,0.059999999999999998,0.050000000000000003,0.23114049165066505
0.059999999999999998,0.059999999999999998,0.059999999999999998,0.26147017847376069
0.059999999999999998,0.059999999999999998,0.070000000000000007,0.29531941931940464
0.059999999999999998,0.059999999999999998,0.080000000000000002,0.33218337854385055
0.059999999999999998,0.059999999999999998,0.089999999999999997,0.37192545384107339
0.059999999999999998,0.059999999999999998,0.10000000000000001,0.41339948854809089
0.059999999999999998,0.070000000000000007,0.0,0.18641257200703407
0.059999999999999998,0.070000000000000007,0.01,0.19303559605303455
0.059999999999999998,0.070000000000000007,0.02,0.19836498148384418
0.059999999999999998,0.070000000000000007,0.029999999999999999,0.21414674727259683
0.059999999999999998,0.070000000000000007,0.040000000000000001,0.23382095987710336
0.059999999999999998,0.070000000000000007,0.050000000000000003,0.25946347444552015
0.059999999999999998,0.070000000000000007,0.059999999999999998,0.2894702968614315
0.059999999999999998,0.070000000000000007,0.070000000000000007,0.3217770284309584
0.059999999999999998,0.070000000000000007,0.080000000000000002,0.3581039080501176
0.059999999999999998,0.070000000000000007,0.089999999999999997,0.3971641118365945
0.059999999999999998,0.070000000000000007,0.10000000000000001,0.43719203176125232
0.059999999999999998,0.080000000000000002,0.0,0.22007715805389791
0.059999999999999998,0.080000000000000002,0.01,0.22651380184041137
0.059999999999999998,0.080000000000000002,0.02,0.23173285824801679
0.059999999999999998,0.080000000000000002,0.029999999999999999,0.24702741059459435
0.059999999999999998,0.080000000000000002,0.040000000000000001,0.26641695119817305
0.059999999999999998,0.080000000000000002,0.050000000000000003,0.29139291853576105
0.059999999999999998,0.080000000000000002,0.059999999999999998,0.32055281040594436
0.059999999999999998,0.080000000000000002,0.070000000000000007,0.3523442143148845
0.059999999999999998,0.080000000000000002,0.080000000000000002,0.38720743254262585
0.059999999999999998,0.080000000000000002,0.089999999999999997,0.42530988901962935
0.059999999999999998,0.080000000000000002,0.10000000000000001,0.46447935050599537
0.059999999999999998,0.089999999999999997,0.0,0.25630198986547709
0.059999999999999998,0.089999999999999997,0.01,0.26262530433899328
0.059999999999999998,0.089999999999999997,0.02,0.2677260544445661
0.059999999999999998,0.089999999999999997,0.029999999999999999,0.28261800832959333
0.059999999999999998,0.089999999999999997,0.040000000000000001,0.30139661967902981
0.059999999999999998,0.089999999999999997,0.050000000000000003,0.32580145059482363
0.059999999999999998,0.089999999999999997,0.059999999999999998,0.35406458088096349
0.059999999999999998,0.089999999999999997,0.070000000000000007,0.38516490653430085
0.059999999999999998,0.089999999999999997,0.080000000000000002,0.41907722464011421
0.059999999999999998,0.089999999999999997,0.089999999999999997,0.45543574354914629
0.059999999999999998,0.089999999999999997,0.10000000000000001,0.49377346529626914
0.059999999999999998,0.10000000000000001,0.0,0.29459842159902566
0.059999999999999998,0.10000000000000001,0.01,0.30080786903682749
0.059999999999999998,0.10000000000000001,0.02,0.30572215336768188
0.059999999999999998,0.10000000000000001,0.029999999999999999,0.32029614289724656
0.059999999999999998,0.10000000000000001,0.040000000000000001,0.33846231733777032
0.059999999999999998,0.10000000000000001,0.050000000000000003,0.36207766271758501
0.059999999999999998,0.10000000000000001,0.059999999999999998,0.38978286188246453
0.059999999999999998,0.10000000000000001,0.070000000000000007,0.41950683222433299
0.059999999999999998,0.10000000000000001,0.080000000000000002,0.45264664085461276
0.059999999999999998,0.10000000000000001,0.089999999999999997,0.488138235211306
0.059999999999999998,0.10000000000000001,0.10000000000000001,0.52457788889495938
0.070000000000000007,0.0,0.0,0.091056994303229888
0.070000000000000007,0.0,0.01,0.097655689150220035
0.070000000000000007,0.0,0.02,0.1030079406617465
0.070000000000000007,0.0,0.029999999999999999,0.1188543548665754
0.070000000000000007,0.0,0.040000000000000001,0.13883636350942186
0.070000000000000007,0.0,0.050000000000000003,0.1651581727916199
0.070000000000000007,0.0,0.059999999999999998,0.19640215670164798
0.070000000000000007,0.0,0.070000000000000007,0.23054338974511865
0.070000000000000007,0.0,0.080000000000000002,0.26906600422121679
0.070000000000000007,0.0,0.089999999999999997,0.31048460905930336
0.070000000000000007,0.0,0.10000000000000001,0.35316668068565776
0.070000000000000007,0.01,0.0,0.096156450807182173
0.070000000000000007,0.01,0.01,0.10281312843161668
0.070000000000000007,0.01,0.02,0.10816357973080697
0.070000000000000007,0.01,0.029999999999999999,0.12400920731940472
0.070000000000000007,0.01,0.040000000000000001,0.143989174739867
0.070000000000000007,0.01,0.050000000000000003,0.17029072580496965
0.070000000000000007,0.01,0.059999999999999998,0.20153094705979371
0.070000000000000007,0.01,0.070000000000000007,0.23565896946901024
0.070000000000000007,0.01,0.080000000000000002,0.2739871854829205
0.070000000000000007,0.01,0.089999999999999997,0.31527929757274092
0.070000000000000007,0.01,0.10000000000000001,0.35783188693300066
0.070000000000000007,0.02,0.0,0.10042076378830257
0.070000000000000007,0.02,0.01,0.10707618171819026
0.070000000000000007,0.02,0.02,0.1124253793638305
0.070000000000000007,0.02,0.029999999999999999,0.12827127946791902
0.070000000000000007,0.02,0.040000000000000001,0.14824991857320988
0.070000000000000007,0.02,0.050000000000000003,0.17454827002260709
0.070000000000000007,0.02,0.059999999999999998,0.20579728952052156
0.070000000000000007,0.02,0.070000000000000007,0.23982802746742796
0.070000000000000007,0.02,0.080000000000000002,0.27808332012842402
0.070000000000000007,0.02,0.089999999999999997,0.31925983988334505
0.070000000000000007,0.02,0.10000000000000001,0.36164193242747261
0.070000000000000007,0.029999999999999999,0.0,0.11313387973912331
0.070000000000000007,0.029999999999999999,0.01,0.119787669197862
0.070000000000000007,0.029999999999999999,0.02,0.12513543037330863
0.070000000000000007,0.029999999999999999,0.029999999999999999,0.14097475509241639
0.070000000000000007,0.029999999999999999,0.040000000000000001,0.16093784158091709
0.070000000000000007,0.029999999999999999,0.050000000000000003,0.18725236064006476
0.070000000000000007,0.029999999999999999,0.059999999999999998,0.21838973057175579
0.070000000000000007,0.029999999999999999,0.070000000000000007,0.2523340135612826
0.070000000000000007,0.029999999999999999,0.080000000000000002,0.29018109322541102
0.070000000000000007,0.029999999999999999,0.089999999999999997,0.33095583918807708
0.070000000000000007,0.029999999999999999,0.10000000000000001,0.37302315627424676
0.070000000000000007,0.040000000000000001,0.0,0.12903763577630672
0.070000000000000007,0.040000000000000001,0.01,0.13568289932511032
0.070000000000000007,0.040000000000000001,0.02,0.14103145032996581
0.070000000000000007,0.040000000000000001,0.029999999999999999,0.15684885901131465
0.070000000000000007,0.040000000000000001,0.040000000000000001,0.17680964179138123
0.070000000000000007,0.040000000000000001,0.050000000000000003,0.20311774019672368
0.070000000000000007,0.040000000000000001,0.059999999999999998,0.23412348316331402
0.070000000000000007,0.040000000000000001,0.070000000000000007,0.26749010259293043
0.070000000000000007,0.040000000000000001,0.080000000000000002,0.30516439469299012
0.070000000000000007,0.040000000000000001,0.089999999999999997,0.34546342884466474
0.070000000000000007,0.040000000000000001,0.10000000000000001,0.38694029465391849
0.070000000000000007,0.050000000000000003,0.0,0.15054543945014884
0.070000000000000007,0.050000000000000003,0.01,0.15717432669788581
0.070000000000000007,0.050000000000000003,0.02,0.16251961017204453
0.070000000000000007,0.050000000000000003,0.029999999999999999,0.178354448467021
0.070000000000000007,0.050000000000000003,0.040000000000000001,0.19830402531845595
0.070000000000000007,0.050000000000000003,0.050000000000000003,0.22421624870335555
0.070000000000000007,0.050000000000000003,0.059999999999999998,0.25490564306540459
0.070000000000000007,0.050000000000000003,0.070000000000000007,0.28789699696997145
0.070000000000000007,0.050000000000000003,0.080000000000000002,0.32490018154081129
0.070000000000000007,0.050000000000000003,0.089999999999999997,0.36470111445192172
0.070000000000000007,0.050000000000000003,0.10000000000000001,0.40545570289915284
0.070000000000000007,0.059999999999999998,0.0,0.17646903759013197
0.070000000000000007,0.059999999999999998,0.01,0.18309371428241492
0.070000000000000007,0.059999999999999998,0.02,0.18844653694983785
0.070000000000000007,0.059999999999999998,0.029999999999999999,0.20415725746099414
0.070000000000000007,0.059999999999999998,0.040000000000000001,0.22398099015834907
0.070000000000000007,0.059999999999999998,0.050000000000000003,0.24960042550117004
0.070000000000000007,0.059999999999999998,0.059999999999999998,0.27946827973319416
0.070000000000000007,0.059999999999999998,0.070000000000000007,0.31218768935911601
0.070000000000000007,0.059999999999999998,0.080000000000000002,0.34837643603306168
0.070000000000000007,0.059999999999999998,0.089999999999999997,0.38726315877323003
0.070000000000000007,0.059999999999999998,0.10000000000000001,0.42751223961538248
0.070000000000000007,0.070000000000000007,0.0,0.20508667360792809
0.070000000000000007,0.070000000000000007,0.01,0.21168379878058355
0.070000000000000007,0.070000000000000007,0.02,0.21693913010448526
0.070000000000000007,0.070000000000000007,0.029999999999999999,0.23256374496548113
0.070000000000000007,0.070000000000000007,0.040000000000000001,0.25180687846150274
0.070000000000000007,0.070000000000000007,0.050000000000000003,0.2770615803773776
0.070000000000000007,0.070000000000000007,0.059999999999999998,0.30665414609840586
0.070000000000000007,0.070000000000000007,0.070000000000000007,0.33795308512115357
0.070000000000000007,0.070000000000000007,0.080000000000000002,0.37367971534000355
0.070000000000000007,0.070000000000000007,0.089999999999999997,0.41197303094819637
0.070000000000000007,0.070000000000000007,0.10000000000000001,0.45092391009349297
0.070000000000000007,0.080000000000000002,0.0,0.23816741594440108
0.070000000000000007,0.080000000000000002,0.01,0.24457962890001975
0.070000000000000007,0.080000000000000002,0.02,0.24976511867139828
0.070000000000000007,0.080000000000000002,0.029999999999999999,0.26495586330392362
0.070000000000000007,0.080000000000000002,0.040000000000000001,0.2840209231657545
0.070000000000000007,0.080000000000000002,0.050000000000000003,0.30861456051911745
0.070000000000000007,0.080000000000000002,0.059999999999999998,0.33743371800909694
0.070000000000000007,0.080000000000000002,0.070000000000000007,0.36828941803506021
0.070000000000000007,0.080000000000000002,0.080000000000000002,0.40255241399302449
0.070000000000000007,0.080000000000000002,0.089999999999999997,0.43995546856782775
0.070000000000000007,0.080000000000000002,0.10000000000000001,0.47809310128861715
0.070000000000000007,0.089999999999999997,0.0,0.2737595619117672
0.070000000000000007,0.089999999999999997,0.01,0.28004475682779745
0.070000000000000007,0.089999999999999997,0.02,0.28511133263507793
0.070000000000000007,0.089999999999999997,0.029999999999999999,0.29988381357669086
0.070000000000000007,0.089999999999999997,0.040000000000000001,0.31848247316989348
0.070000000000000007,0.089999999999999997,0.050000000000000003,0.3425762640654591
0.070000000000000007,0.089999999999999997,0.059999999999999998,0.37052433617515707
0.070000000000000007,0.089999999999999997,0.070000000000000007,0.40077870655689196
0.070000000000000007,0.089999999999999997,0.080000000000000002,0.43415699076229153
0.070000000000000007,0.089999999999999997,0.089999999999999997,0.46981798898904087
0.070000000000000007,0.089999999999999997,0.10000000000000001,0.50714603225566346
0.070000000000000007,0.10000000000000001,0.0,0.31113013662364858
0.070000000000000007,0.10000000000000001,0.01,0.31730152524894284
0.070000000000000007,0.10000000000000001,0.02,0.32218044984450794
0.070000000000000007,0.10000000000000001,0.029999999999999999,0.3366328592915746
0.070000000000000007,0.10000000000000001,0.040000000000000001,0.35464113833465927
0.070000000000000007,0.10000000000000001,0.050000000000000003,0.37802426512868914
0.070000000000000007,0.10000000000000001,0.059999999999999998,0.40545932382449196
0.070000000000000007,0.10000000000000001,0.070000000000000007,0.43448332343266366
0.070000000000000007,0.10000000000000001,0.080000000000000002,0.46712049894841562
0.070000000000000007,0.10000000000000001,0.089999999999999997,0.50193563930162155
0.070000000000000007,0.10000000000000001,0.10000000000000001,0.53736325344419889
0.080000000000000002,0.0,0.0,0.116980659079
0.080000000000000002,0.0,0.01,0.12338729323419957
0.080000000000000002,0.0,0.02,0.12858144641084246
0.080000000000000002,0.0,0.029999999999999999,0.14387379067533723
0.080000000000000002,0.0,0.040000000000000001,0.16325010459640393
0.080000000000000002,0.0,0.050000000000000003,0.1885281358109433
0.080000000000000002,0.0,0.059999999999999998,0.21838001748381144
0.080000000000000002,0.0,0.070000000000000007,0.25120320303582599
0.080000000000000002,0.0,0.080000000000000002,0.28808014701254991
0.080000000000000002,0.0,0.089999999999999997,0.32819839282374502
0.080000000000000002,0.0,0.10000000000000001,0.36958187798581993
0.080000000000000002,0.01,0.0,0.12195071617922089
0.080000000000000002,0.01,0.01,0.12836263440154461
0.080000000000000002,0.01,0.02,0.13355678757818731
0.080000000000000002,0.01,0.029999999999999999,0.14885033902232792
0.080000000000000002,0.01,0.040000000000000001,0.16822574742827801
0.080000000000000002,0.01,0.050000000000000003,0.19350152357461101
0.080000000000000002,0.01,0.059999999999999998,0.22334771356720098
0.080000000000000002,0.01,0.070000000000000007,0.25616203143786076
0.080000000000000002,0.01,0.080000000000000002,0.29296448380958989
0.080000000000000002,0.01,0.089999999999999997,0.33298413837001811
0.080000000000000002,0.01,0.10000000000000001,0.37424063979010641
0.080000000000000002,0.02,0.0,0.12608937389994232
0.080000000000000002,0.02,0.01,0.13250175383918339
0.080000000000000002,0.02,0.02,0.13769589773014237
0.080000000000000002,0.02,0.029999999999999999,0.15298943819280711
0.080000000000000002,0.02,0.040000000000000001,0.17236238047847277
0.080000000000000002,0.02,0.050000000000000003,0.19763265098435187
0.080000000000000002,0.02,0.059999999999999998,0.22746566867846099
0.080000000000000002,0.02,0.070000000000000007,0.26028540197502986
0.080000000000000002,0.02,0.080000000000000002,0.29705955839486142
0.080000000000000002,0.02,0.089999999999999997,0.33696374374498483
0.080000000000000002,0.02,0.10000000000000001,0.37805273644864545
0.080000000000000002,0.029999999999999999,0.0,0.13837125424991889
0.080000000000000002,0.029999999999999999,0.01,0.1447843161965624
0.080000000000000002,0.029999999999999999,0.02,0.14997844374336719
0.080000000000000002,0.029999999999999999,0.029999999999999999,0.16527045029321244
0.080000000000000002,0.029999999999999999,0.040000000000000001,0.18463877938100967
0.080000000000000002,0.029999999999999999,0.050000000000000003,0.20990227339249823
0.080000000000000002,0.029999999999999999,0.059999999999999998,0.23971547540161278
0.080000000000000002,0.029999999999999999,0.070000000000000007,0.27256641982900426
0.080000000000000002,0.029999999999999999,0.080000000000000002,0.30901313994577984
0.080000000000000002,0.029999999999999999,0.089999999999999997,0.34860900313188425
0.080000000000000002,0.029999999999999999,0.10000000000000001,0.38943025289466138
0.080000000000000002,0.040000000000000001,0.0,0.15383034762052097
0.080000000000000002,0.040000000000000001,0.01,0.16024788477128768
0.080000000000000002,0.040000000000000001,0.02,0.16544216444629237
0.080000000000000002,0.040000000000000001,0.029999999999999999,0.18072794090664948
0.080000000000000002,0.040000000000000001,0.040000000000000001,0.20008368224039574
0.080000000000000002,0.040000000000000001,0.050000000000000003,0.22533971683825169
0.080000000000000002,0.040000000000000001,0.059999999999999998,0.25517983407435979
0.080000000000000002,0.040000000000000001,0.070000000000000007,0.28763262075826862
0.080000000000000002,0.040000000000000001,0.080000000000000002,0.32393170010539057
0.080000000000000002,0.040000000000000001,0.089999999999999997,0.36309248639959146
0.080000000000000002,0.040000000000000001,0.10000000000000001,0.40336401004706551
0.080000000000000002,0.050000000000000003,0.0,0.17444672154861163
0.080000000000000002,0.050000000000000003,0.01,0.1808554344628881
0.080000000000000002,0.050000000000000003,0.02,0.18604519578270415
0.080000000000000002,0.050000000000000003,0.029999999999999999,0.20132841684065506
0.080000000000000002,0.050000000000000003,0.040000000000000001,0.22067817852217206
0.080000000000000002,0.050000000000000003,0.050000000000000003,0.24583477914215124
0.080000000000000002,0.050000000000000003,0.059999999999999998,0.27555452738234004
0.080000000000000002,0.050000000000000003,0.070000000000000007,0.30767302108013128
0.080000000000000002,0.050000000000000003,0.080000000000000002,0.34337685475693897
0.080000000000000002,0.050000000000000003,0.089999999999999997,0.38211095730389366
0.080000000000000002,0.050000000000000003,0.10000000000000001,0.42175437581201242
0.080000000000000002,0.059999999999999998,0.0,0.19923538653668796
0.080000000000000002,0.059999999999999998,0.01,0.20563706309161414
0.080000000000000002,0.059999999999999998,0.02,0.21082015394316533
0.080000000000000002,0.059999999999999998,0.029999999999999999,0.22607668667563582
0.080000000000000002,0.059999999999999998,0.040000000000000001,0.24545448795692526
0.080000000000000002,0.059999999999999998,0.050000000000000003,0.27050830683529609
0.080000000000000002,0.059999999999999998,0.059999999999999998,0.29955015304679522
0.080000000000000002,0.059999999999999998,0.070000000000000007,0.33151907942334552
0.080000000000000002,0.059999999999999998,0.080000000000000002,0.3665268327926991
0.080000000000000002,0.059999999999999998,0.089999999999999997,0.40441007481784824
0.080000000000000002,0.059999999999999998,0.10000000000000001,0.44366077897365791
0.080000000000000002,0.070000000000000007,0.0,0.22685203284359204
0.080000000000000002,0.070000000000000007,0.01,0.23322995385564785
0.080000000000000002,0.070000000000000007,0.02,0.23841271128886699
0.080000000000000002,0.070000000000000007,0.029999999999999999,0.2537070854364199
0.080000000000000002,0.070000000000000007,0.040000000000000001,0.27268414180355988
0.080000000000000002,0.070000000000000007,0.050000000000000003,0.29741235658429926
0.080000000000000002,0.070000000000000007,0.059999999999999998,0.32630215211393659
0.080000000000000002,0.070000000000000007,0.070000000000000007,0.35702626484653344
0.080000000000000002,0.070000000000000007,0.080000000000000002,0.39161317007611451
0.080000000000000002,0.070000000000000007,0.089999999999999997,0.42897142011858908
0.080000000000000002,0.070000000000000007,0.10000000000000001,0.46694746663065206
0.080000000000000002,0.080000000000000002,0.0,0.25867282461388402
0.080000000000000002,0.080000000000000002,0.01,0.26498682372583177
0.080000000000000002,0.080000000000000002,0.02,0.2701394713287939
0.080000000000000002,0.080000000000000002,0.029999999999999999,0.28509294819202841
0.080000000000000002,0.080000000000000002,0.040000000000000001,0.30391829745838034
0.080000000000000002,0.080000000000000002,0.050000000000000003,0.32804309867401044
0.080000000000000002,0.080000000000000002,0.059999999999999998,0.35627711959981179
0.080000000000000002,0.080000000000000002,0.070000000000000007,0.38659570811730576
0.080000000000000002,0.080000000000000002,0.080000000000000002,0.41984882601039769
0.080000000000000002,0.080000000000000002,0.089999999999999997,0.45637319263575038
0.080000000000000002,0.080000000000000002,0.10000000000000001,0.49361882323556228
0.080000000000000002,0.089999999999999997,0.0,0.2934785025265737
0.080000000000000002,0.089999999999999997,0.01,0.29969977321642866
0.080000000000000002,0.089999999999999997,0.02,0.30473951980329539
0.080000000000000002,0.089999999999999997,0.029999999999999999,0.31936697309317857
0.080000000000000002,0.089999999999999997,0.040000000000000001,0.33776863258297668
0.080000000000000002,0.089999999999999997,0.050000000000000003,0.3614521844649321
0.080000000000000002,0.089999999999999997,0.059999999999999998,0.3888660323685294
0.080000000000000002,0.089999999999999997,0.070000000000000007,0.41864395470952925
0.080000000000000002,0.089999999999999997,0.080000000000000002,0.45106520783217147
0.080000000000000002,0.089999999999999997,0.089999999999999997,0.48586772922540361
0.080000000000000002,0.089999999999999997,0.10000000000000001,0.5223647427136715
0.080000000000000002,0.10000000000000001,0.0,0.33004571161197743
0.080000000000000002,0.10000000000000001,0.01,0.33614889376399049
0.080000000000000002,0.10000000000000001,0.02,0.34100034349484315
0.080000000000000002,0.10000000000000001,0.029999999999999999,0.3553431970822325
0.080000000000000002,0.10000000000000001,0.040000000000000001,0.37319668787007165
0.080000000000000002,0.10000000000000001,0.050000000000000003,0.39626811443821874
0.080000000000000002,0.10000000000000001,0.059999999999999998,0.42328939522211195
0.080000000000000002,0.10000000000000001,0.070000000000000007,0.45185897138660636
0.080000000000000002,0.10000000000000001,0.080000000000000002,0.48362777735292256
0.080000000000000002,0.10000000000000001,0.089999999999999997,0.51764380532427723
0.080000000000000002,0.10000000000000001,0.10000000000000001,0.55224308811314027
0.089999999999999997,0.0,0.0,0.14540394340393956
0.089999999999999997,0.0,0.01,0.15162428183728074
0.089999999999999997,0.0,0.02,0.15666022087419709
0.089999999999999997,0.0,0.029999999999999999,0.17144180552014898
0.089999999999999997,0.0,0.040000000000000001,0.19007136714524472
0.089999999999999997,0.0,0.050000000000000003,0.21440091583071999
0.089999999999999997,0.0,0.059999999999999998,0.24285495291918646
0.089999999999999997,0.0,0.070000000000000007,0.27426350561691898
0.089999999999999997,0.0,0.080000000000000002,0.30951961338065831
0.089999999999999997,0.0,0.089999999999999997,0.3476711740936313
0.089999999999999997,0.0,0.10000000000000001,0.38784423034726184
0.089999999999999997,0.01,0.0,0.15023355383184814
0.089999999999999997,0.01,0.01,0.15645622112451182
0.089999999999999997,0.01,0.02,0.16149216016142817
0.089999999999999997,0.01,0.029999999999999999,0.17627374480738003
0.089999999999999997,0.01,0.040000000000000001,0.19490330643247575
0.089999999999999997,0.01,0.050000000000000003,0.21923285511795121
0.089999999999999997,0.01,0.059999999999999998,0.24768911778086489
0.089999999999999997,0.01,0.070000000000000007,0.27907853771016333
0.089999999999999997,0.01,0.080000000000000002,0.31431821562116286
0.089999999999999997,0.01,0.089999999999999997,0.35244599074159827
0.089999999999999997,0.01,0.10000000000000001,0.39249674327900047
0.089999999999999997,0.02,0.0,0.15426888685213014
0.089999999999999997,0.02,0.01,0.16049155414479391
0.089999999999999997,0.02,0.02,0.16552749318135618
0.089999999999999997,0.02,0.029999999999999999,0.1803089454193342
0.089999999999999997,0.02,0.040000000000000001,0.19893850704443003
0.089999999999999997,0.02,0.050000000000000003,0.22326728384154926
0.089999999999999997,0.02,0.059999999999999998,0.25172129227082657
0.089999999999999997,0.02,0.070000000000000007,0.28310626304894093
0.089999999999999997,0.02,0.080000000000000002,0.31834749704293952
0.089999999999999997,0.02,0.089999999999999997,0.35639880083382142
0.089999999999999997,0.02,0.10000000000000001,0.39629542876881185
0.089999999999999997,0.029999999999999999,0.0,0.16614443839559956
0.089999999999999997,0.029999999999999999,0.01,0.17236710568826338
0.089999999999999997,0.029999999999999999,0.02,0.17740304472517965
0.089999999999999997,0.029999999999999999,0.029999999999999999,0.19218292285437877
0.089999999999999997,0.029999999999999999,0.040000000000000001,0.21081117304767541
0.089999999999999997,0.029999999999999999,0.050000000000000003,0.23513486082938875
0.089999999999999997,0.029999999999999999,0.059999999999999998,0.26356967580436086
0.089999999999999997,0.029999999999999999,0.070000000000000007,0.2949497862772244
0.089999999999999997,0.029999999999999999,0.080000000000000002,0.33009864987196086
0.089999999999999997,0.029999999999999999,0.089999999999999997,0.36795030023057468
0.089999999999999997,0.029999999999999999,0.10000000000000001,0.40767636061751999
0.089999999999999997,0.040000000000000001,0.0,0.18100780933296315
0.089999999999999997,0.040000000000000001,0.01,0.18723149675978643
0.089999999999999997,0.040000000000000001,0.02,0.19226761652961102
0.089999999999999997,0.040000000000000001,0.029999999999999999,0.20703712219321049
0.089999999999999997,0.040000000000000001,0.040000000000000001,0.22566106766681251
0.089999999999999997,0.040000000000000001,0.050000000000000003,0.249975604972271
0.089999999999999997,0.040000000000000001,0.059999999999999998,0.27840796452991251
0.089999999999999997,0.040000000000000001,0.070000000000000007,0.30970892288816049
0.089999999999999997,0.040000000000000001,0.080000000000000002,0.34478610292771156
0.089999999999999997,0.040000000000000001,0.089999999999999997,0.38226895163051883
0.089999999999999997,0.040000000000000001,0.10000000000000001,0.42149709386120421
0.089999999999999997,0.050000000000000003,0.0,0.20087046850639845
0.089999999999999997,0.050000000000000003,0.01,0.20709011791913348
0.089999999999999997,0.050000000000000003,0.02,0.21212667460507553
0.089999999999999997,0.050000000000000003,0.029999999999999999,0.22690250122752262
0.089999999999999997,0.050000000000000003,0.040000000000000001,0.24551191316002985
0.089999999999999997,0.050000000000000003,0.050000000000000003,0.26979948173607654
0.089999999999999997,0.050000000000000003,0.059999999999999998,0.29828052314691406
0.089999999999999997,0.050000000000000003,0.070000000000000007,0.32938649112687934
0.089999999999999997,0.050000000000000003,0.080000000000000002,0.36398625945047564
0.089999999999999997,0.050000000000000003,0.089999999999999997,0.40111604182029809
0.089999999999999997,0.050000000000000003,0.10000000000000001,0.43981007854028736
0.089999999999999997,0.059999999999999998,0.0,0.22458566635782037
0.089999999999999997,0.059999999999999998,0.01,0.2308065496387651
0.089999999999999997,0.059999999999999998,0.02,0.23584098449084082
0.089999999999999997,0.059999999999999998,0.029999999999999999,0.25059899366214705
0.089999999999999997,0.059999999999999998,0.040000000000000001,0.26920362055755115
0.089999999999999997,0.059999999999999998,0.050000000000000003,0.29354741846052163
0.089999999999999997,0.059999999999999998,0.059999999999999998,0.32164387750691442
0.089999999999999997,0.059999999999999998,0.070000000000000007,0.35270684356691984
0.089999999999999997,0.059999999999999998,0.080000000000000002,0.38669835281267523
0.089999999999999997,0.059999999999999998,0.089999999999999997,0.42304265123398915
0.089999999999999997,0.059999999999999998,0.10000000000000001,0.46139562221533542
0.089999999999999997,0.070000000000000007,0.0,0.25104883868153155
0.089999999999999997,0.070000000000000007,0.01,0.25726174842299648
0.089999999999999997,0.070000000000000007,0.02,0.26229551752589403
0.089999999999999997,0.070000000000000007,0.029999999999999999,0.27706317983696982
0.089999999999999997,0.070000000000000007,0.040000000000000001,0.29558431124316592
0.089999999999999997,0.070000000000000007,0.050000000000000003,0.31974518589989315
0.089999999999999997,0.070000000000000007,0.059999999999999998,0.34779867810353543
0.089999999999999997,0.070000000000000007,0.070000000000000007,0.37779249974451395
0.089999999999999997,0.070000000000000007,0.080000000000000002,0.41149653184742946
0.089999999999999997,0.070000000000000007,0.089999999999999997,0.44736677812478903
0.089999999999999997,0.070000000000000007,0.10000000000000001,0.48450162554001314
0.089999999999999997,0.080000000000000002,0.0,0.28162646722944612
0.089999999999999997,0.080000000000000002,0.01,0.28781617125797726
0.089999999999999997,0.080000000000000002,0.02,0.2928549663679425
0.089999999999999997,0.080000000000000002,0.029999999999999999,0.30751515945432301
0.089999999999999997,0.080000000000000002,0.040000000000000001,0.32595998955018246
0.089999999999999997,0.080000000000000002,0.050000000000000003,0.34964145458008505
0.089999999999999997,0.080000000000000002,0.059999999999999998,0.37710413815831162
0.089999999999999997,0.080000000000000002,0.070000000000000007,0.40682510215094164
0.089999999999999997,0.080000000000000002,0.080000000000000002,0.43931238000237793
0.089999999999999997,0.080000000000000002,0.089999999999999997,0.47445503791927574
0.089999999999999997,0.080000000000000002,0.10000000000000001,0.51091831631350704
0.089999999999999997,0.089999999999999997,0.0,0.31499500688736115
0.089999999999999997,0.089999999999999997,0.01,0.32115815408548798
0.089999999999999997,0.089999999999999997,0.02,0.32611764655805087
0.089999999999999997,0.089999999999999997,0.029999999999999999,0.3405746531104677
0.089999999999999997,0.089999999999999997,0.040000000000000001,0.35865858343709167
0.089999999999999997,0.089999999999999997,0.050000000000000003,0.38196641638828766
0.089999999999999997,0.089999999999999997,0.059999999999999998,0.40866290504402353
0.089999999999999997,0.089999999999999997,0.070000000000000007,0.43789885796775302
0.089999999999999997,0.089999999999999997,0.080000000000000002,0.46965474304790172
0.089999999999999997,0.089999999999999997,0.089999999999999997,0.5031844474016357
0.089999999999999997,0.089999999999999997,0.10000000000000001,0.53894813816873932
0.089999999999999997,0.10000000000000001,0.0,0.35061606726844902
0.089999999999999997,0.10000000000000001,0.01,0.35666961223737276
0.089999999999999997,0.10000000000000001,0.02,0.36145974265689435
0.089999999999999997,0.10000000000000001,0.029999999999999999,0.37571419304579123
0.089999999999999997,0.10000000000000001,0.040000000000000001,0.39330047440783916
0.089999999999999997,0.10000000000000001,0.050000000000000003,0.4160728150066948
0.089999999999999997,0.10000000000000001,0.059999999999999998,0.44248100509089988
0.089999999999999997,0.10000000000000001,0.070000000000000007,0.47055199377133472
0.089999999999999997,0.10000000000000001,0.080000000000000002,0.5017232280217846
0.089999999999999997,0.10000000000000001,0.089999999999999997,0.53453957842841049
0.089999999999999997,0.10000000000000001,0.10000000000000001,0.56845664265552276
0.10000000000000001,0.0,0.0,0.17448101520871359
0.10000000000000001,0.0,0.01,0.18058665742009691
0.10000000000000001,0.0,0.02,0.18541463276639983
0.10000000000000001,0.0,0.029999999999999999,0.19971537022797603
0.10000000000000001,0.0,0.040000000000000001,0.21771525087457141
0.10000000000000001,0.0,0.050000000000000003,0.24119076619807503
0.10000000000000001,0.0,0.059999999999999998,0.2686729080807837
0.10000000000000001,0.0,0.070000000000000007,0.29855262662584631
0.10000000000000001,0.0,0.080000000000000002,0.33208435344975762
0.10000000000000001,0.0,0.089999999999999997,0.36856470992806578
0.10000000000000001,0.0,0.10000000000000001,0.40665515409131331
0.10000000000000001,0.01,0.0,0.17930028081519775
0.10000000000000001,0.01,0.01,0.18547010333599709
0.10000000000000001,0.01,0.02,0.19029808595191636
0.10000000000000001,0.01,0.029999999999999999,0.2046055062619174
0.10000000000000001,0.01,0.040000000000000001,0.22258743729694894
0.10000000000000001,0.01,0.050000000000000003,0.24605524866484077
0.10000000000000001,0.01,0.059999999999999998,0.27350882805093218
0.10000000000000001,0.01,0.070000000000000007,0.30332379177026225
0.10000000000000001,0.01,0.080000000000000002,0.33683430098161665
0.10000000000000001,0.01,0.089999999999999997,0.37330526474216019
0.10000000000000001,0.01,0.10000000000000001,0.41134362841312516
0.10000000000000001,0.02,0.0,0.18317096686122261
0.10000000000000001,0.02,0.01,0.18934078938202206
0.10000000000000001,0.02,0.02,0.19416877654803533
0.10000000000000001,0.02,0.029999999999999999,0.20846931603387595
0.10000000000000001,0.02,0.040000000000000001,0.22644617407405629
0.10000000000000001,0.02,0.050000000000000003,0.2499096707034961
0.10000000000000001,0.02,0.059999999999999998,0.27735646713086043
0.10000000000000001,0.02,0.070000000000000007,0.30717952039474378
0.10000000000000001,0.02,0.080000000000000002,0.34068510286175308
0.10000000000000001,0.02,0.089999999999999997,0.37714347856037039
0.10000000000000001,0.02,0.10000000000000001,0.41510163056341948
0.10000000000000001,0.029999999999999999,0.0,0.19471399306262391
0.10000000000000001,0.029999999999999999,0.01,0.20088381558342316
0.10000000000000001,0.029999999999999999,0.02,0.20571181019006066
0.10000000000000001,0.029999999999999999,0.029999999999999999,0.22000836172222335
0.10000000000000001,0.029999999999999999,0.040000000000000001,0.23796874547898325
0.10000000000000001,0.029999999999999999,0.050000000000000003,0.26142006708207183
0.10000000000000001,0.029999999999999999,0.059999999999999998,0.28885874320120991
0.10000000000000001,0.029999999999999999,0.070000000000000007,0.3186412596732448
0.10000000000000001,0.029999999999999999,0.080000000000000002,0.35215200534778895
0.10000000000000001,0.029999999999999999,0.089999999999999997,0.38857902923460985
0.10000000000000001,0.029999999999999999,0.10000000000000001,0.42642225386756955
0.10000000000000001,0.040000000000000001,0.0,0.20903359868937477
0.10000000000000001,0.040000000000000001,0.01,0.21520342121017402
0.10000000000000001,0.040000000000000001,0.02,0.22003141599207585
0.10000000000000001,0.040000000000000001,0.029999999999999999,0.23432815619658962
0.10000000000000001,0.040000000000000001,0.040000000000000001,0.25228705684733604
0.10000000000000001,0.040000000000000001,0.050000000000000003,0.27573490597440153
0.10000000000000001,0.040000000000000001,0.059999999999999998,0.30317149516192005
0.10000000000000001,0.040000000000000001,0.070000000000000007,0.33294580449459993
0.10000000000000001,0.040000000000000001,0.080000000000000002,0.36650274274657918
0.10000000000000001,0.040000000000000001,0.089999999999999997,0.40265439142445253
0.10000000000000001,0.040000000000000001,0.10000000000000001,0.44006926272153751
0.10000000000000001,0.050000000000000003,0.0,0.22819577770600885
0.10000000000000001,0.050000000000000003,0.01,0.23436135027354155
0.10000000000000001,0.050000000000000003,0.02,0.23918969181468194
0.10000000000000001,0.050000000000000003,0.029999999999999999,0.25348239507350406
0.10000000000000001,0.050000000000000003,0.040000000000000001,0.27140033780196043
0.10000000000000001,0.050000000000000003,0.050000000000000003,0.29480316917262755
0.10000000000000001,0.050000000000000003,0.059999999999999998,0.32224356659336034
0.10000000000000001,0.050000000000000003,0.070000000000000007,0.35200210740195487
0.10000000000000001,0.050000000000000003,0.080000000000000002,0.38528458014784883
0.10000000000000001,0.050000000000000003,0.089999999999999997,0.42121612599725666
0.10000000000000001,0.050000000000000003,0.10000000000000001,0.45814992736490018
0.10000000000000001,0.059999999999999998,0.0,0.25113562569448461
0.10000000000000001,0.059999999999999998,0.01,0.25727509912282148
0.10000000000000001,0.059999999999999998,0.02,0.26210150444408553
0.10000000000000001,0.059999999999999998,0.029999999999999999,0.27639168897273819
0.10000000000000001,0.059999999999999998,0.040000000000000001,0.29430023843431052
0.10000000000000001,0.059999999999999998,0.050000000000000003,0.31772331481971222
0.10000000000000001,0.059999999999999998,0.059999999999999998,0.34505585747029649
0.10000000000000001,0.059999999999999998,0.070000000000000007,0.37484894912935679
0.10000000000000001,0.059999999999999998,0.080000000000000002,0.40775285154929786
0.10000000000000001,0.059999999999999998,0.089999999999999997,0.44298652323536297
0.10000000000000001,0.059999999999999998,0.10000000000000001,0.47966761734092156
0.10000000000000001,0.070000000000000007,0.0,0.27630573934920749
0.10000000000000001,0.070000000000000007,0.01,0.28243181535041434
0.10000000000000001,0.070000000000000007,0.02,0.28725777256498158
0.10000000000000001,0.070000000000000007,0.029999999999999999,0.30153486918055378
0.10000000000000001,0.070000000000000007,0.040000000000000001,0.3194314835295945
0.10000000000000001,0.070000000000000007,0.050000000000000003,0.34283841170651153
0.10000000000000001,0.070000000000000007,0.059999999999999998,0.37019854520369594
0.10000000000000001,0.070000000000000007,0.070000000000000007,0.39921764592191566
0.10000000000000001,0.070000000000000007,0.080000000000000002,0.43189962397958759
0.10000000000000001,0.070000000000000007,0.089999999999999997,0.46674436267798664
0.10000000000000001,0.070000000000000007,0.10000000000000001,0.5022344821239485
0.10000000000000001,0.080000000000000002,0.0,0.30567640126714596
0.10000000000000001,0.080000000000000002,0.01,0.31175923167196207
0.10000000000000001,0.080000000000000002,0.02,0.31658424417310754
0.10000000000000001,0.080000000000000002,0.029999999999999999,0.33085095306164031
0.10000000000000001,0.080000000000000002,0.040000000000000001,0.34878821559599099
0.10000000000000001,0.080000000000000002,0.050000000000000003,0.37187407062733385
0.10000000000000001,0.080000000000000002,0.059999999999999998,0.39886583842902268
0.10000000000000001,0.080000000000000002,0.070000000000000007,0.42767358487116153
0.10000000000000001,0.080000000000000002,0.080000000000000002,0.45931484846061488
0.10000000000000001,0.080000000000000002,0.089999999999999997,0.49352273259802731
0.10000000000000001,0.080000000000000002,0.10000000000000001,0.52843104440365474
0.10000000000000001,0.089999999999999997,0.0,0.33777257883107747
0.10000000000000001,0.089999999999999997,0.01,0.34380965000469449
0.10000000000000001,0.089999999999999997,0.02,0.34861855100657085
0.10000000000000001,0.089999999999999997,0.029999999999999999,0.36285362343819277
0.10000000000000001,0.089999999999999997,0.040000000000000001,0.38051985804990657
0.10000000000000001,0.089999999999999997,0.050000000000000003,0.40336312512293721
0.10000000000000001,0.089999999999999997,0.059999999999999998,0.42966287526708397
0.10000000000000001,0.089999999999999997,0.070000000000000007,0.45807574700688064
0.10000000000000001,0.089999999999999997,0.080000000000000002,0.48910616904094056
0.10000000000000001,0.089999999999999997,0.089999999999999997,0.52185904757036561
0.10000000000000001,0.089999999999999997,0.10000000000000001,0.55614452844655371
0.10000000000000001,0.10000000000000001,0.0,0.37175810825835737
0.10000000000000001,0.10000000000000001,0.01,0.37776132878203733
0.10000000000000001,0.10000000000000001,0.02,0.38247473798913439
0.10000000000000001,0.10000000000000001,0.029999999999999999,0.39656470087063106
0.10000000000000001,0.10000000000000001,0.040000000000000001,0.41380250388457274
0.10000000000000001,0.10000000000000001,0.050000000000000003,0.43613743613900385
0.10000000000000001,0.10000000000000001,0.059999999999999998,0.46224163402501856
0.10000000000000001,0.10000000000000001,0.070000000000000007,0.48953135846482659
0.10000000000000001,0.10000000000000001,0.080000000000000002,0.52005857910753184
0.10000000000000001,0.10000000000000001,0.089999999999999997,0.5521777444450815
0.10000000000000001,0.10000000000000001,0.10000000000000001,0.58470134978980814
